Freq_Hz,Freq_GHz,S21_N3_dB,S21_N4_dB,S21_N5_dB,S21_N6_dB
10000000,0.0100,-0.0001,-0.1000,-0.0003,-0.1000
13993994,0.0140,-0.0002,-0.1001,-0.0005,-0.0999
17987988,0.0180,-0.0003,-0.1001,-0.0008,-0.0999
21981982,0.0220,-0.0004,-0.1002,-0.0012,-0.0999
25975976,0.0260,-0.0006,-0.1003,-0.0017,-0.0998
29969970,0.0300,-0.0008,-0.1003,-0.0023,-0.0997
33963964,0.0340,-0.0010,-0.1004,-0.0029,-0.0997
37957958,0.0380,-0.0013,-0.1005,-0.0036,-0.0996
41951952,0.0420,-0.0016,-0.1007,-0.0044,-0.0995
45945946,0.0459,-0.0019,-0.1008,-0.0052,-0.0994
49939940,0.0499,-0.0023,-0.1009,-0.0062,-0.0993
53933934,0.0539,-0.0026,-0.1011,-0.0072,-0.0992
57927928,0.0579,-0.0030,-0.1012,-0.0083,-0.0990
61921922,0.0619,-0.0035,-0.1014,-0.0094,-0.0989
65915916,0.0659,-0.0039,-0.1016,-0.0106,-0.0987
69909910,0.0699,-0.0044,-0.1018,-0.0119,-0.0986
73903904,0.0739,-0.0049,-0.1020,-0.0132,-0.0984
77897898,0.0779,-0.0054,-0.1022,-0.0146,-0.0982
81891892,0.0819,-0.0060,-0.1025,-0.0160,-0.0980
85885886,0.0859,-0.0066,-0.1027,-0.0175,-0.0978
89879880,0.0899,-0.0072,-0.1030,-0.0191,-0.0975
93873874,0.0939,-0.0078,-0.1032,-0.0207,-0.0973
97867868,0.0979,-0.0085,-0.1035,-0.0224,-0.0970
101861862,0.1019,-0.0092,-0.1038,-0.0241,-0.0967
105855856,0.1059,-0.0099,-0.1041,-0.0258,-0.0964
109849850,0.1098,-0.0106,-0.1044,-0.0276,-0.0961
113843844,0.1138,-0.0114,-0.1047,-0.0294,-0.0958
117837838,0.1178,-0.0122,-0.1050,-0.0313,-0.0954
121831832,0.1218,-0.0130,-0.1053,-0.0331,-0.0951
125825826,0.1258,-0.0138,-0.1057,-0.0351,-0.0947
129819820,0.1298,-0.0146,-0.1060,-0.0370,-0.0943
133813814,0.1338,-0.0155,-0.1064,-0.0389,-0.0939
137807808,0.1378,-0.0164,-0.1068,-0.0409,-0.0934
141801802,0.1418,-0.0173,-0.1071,-0.0429,-0.0929
145795796,0.1458,-0.0182,-0.1075,-0.0449,-0.0925
149789790,0.1498,-0.0192,-0.1079,-0.0469,-0.0919
153783784,0.1538,-0.0202,-0.1083,-0.0490,-0.0914
157777778,0.1578,-0.0211,-0.1087,-0.0510,-0.0909
161771772,0.1618,-0.0221,-0.1091,-0.0530,-0.0903
165765766,0.1658,-0.0232,-0.1096,-0.0550,-0.0897
169759760,0.1698,-0.0242,-0.1100,-0.0570,-0.0890
173753754,0.1738,-0.0252,-0.1104,-0.0590,-0.0884
177747748,0.1777,-0.0263,-0.1109,-0.0610,-0.0877
181741742,0.1817,-0.0274,-0.1113,-0.0630,-0.0870
185735736,0.1857,-0.0285,-0.1118,-0.0649,-0.0862
189729730,0.1897,-0.0296,-0.1122,-0.0668,-0.0855
193723724,0.1937,-0.0307,-0.1127,-0.0687,-0.0847
197717718,0.1977,-0.0319,-0.1132,-0.0706,-0.0839
201711712,0.2017,-0.0330,-0.1136,-0.0724,-0.0830
205705706,0.2057,-0.0342,-0.1141,-0.0742,-0.0821
209699700,0.2097,-0.0353,-0.1146,-0.0760,-0.0812
213693694,0.2137,-0.0365,-0.1151,-0.0777,-0.0803
217687688,0.2177,-0.0377,-0.1156,-0.0794,-0.0793
221681682,0.2217,-0.0389,-0.1161,-0.0810,-0.0783
225675676,0.2257,-0.0401,-0.1166,-0.0826,-0.0772
229669670,0.2297,-0.0413,-0.1170,-0.0841,-0.0762
233663664,0.2337,-0.0425,-0.1175,-0.0856,-0.0751
237657658,0.2377,-0.0438,-0.1180,-0.0870,-0.0740
241651652,0.2417,-0.0450,-0.1185,-0.0883,-0.0728
245645646,0.2456,-0.0462,-0.1190,-0.0896,-0.0716
249639640,0.2496,-0.0474,-0.1195,-0.0908,-0.0704
253633634,0.2536,-0.0487,-0.1200,-0.0920,-0.0691
257627628,0.2576,-0.0499,-0.1205,-0.0931,-0.0678
261621622,0.2616,-0.0512,-0.1210,-0.0941,-0.0665
265615616,0.2656,-0.0524,-0.1215,-0.0950,-0.0652
269609610,0.2696,-0.0536,-0.1220,-0.0959,-0.0638
273603604,0.2736,-0.0549,-0.1224,-0.0967,-0.0624
277597598,0.2776,-0.0561,-0.1229,-0.0974,-0.0610
281591592,0.2816,-0.0574,-0.1234,-0.0980,-0.0595
285585586,0.2856,-0.0586,-0.1238,-0.0985,-0.0580
289579580,0.2896,-0.0598,-0.1243,-0.0990,-0.0565
293573574,0.2936,-0.0610,-0.1248,-0.0994,-0.0549
297567568,0.2976,-0.0623,-0.1252,-0.0997,-0.0534
301561562,0.3016,-0.0635,-0.1256,-0.0999,-0.0518
305555556,0.3056,-0.0647,-0.1261,-0.1000,-0.0502
309549550,0.3095,-0.0659,-0.1265,-0.1000,-0.0486
313543544,0.3135,-0.0671,-0.1269,-0.1000,-0.0469
317537538,0.3175,-0.0682,-0.1273,-0.0998,-0.0453
321531532,0.3215,-0.0694,-0.1277,-0.0996,-0.0436
325525526,0.3255,-0.0706,-0.1280,-0.0993,-0.0419
329519520,0.3295,-0.0717,-0.1284,-0.0989,-0.0402
333513514,0.3335,-0.0729,-0.1287,-0.0984,-0.0385
337507508,0.3375,-0.0740,-0.1291,-0.0978,-0.0368
341501502,0.3415,-0.0751,-0.1294,-0.0971,-0.0351
345495495,0.3455,-0.0762,-0.1297,-0.0964,-0.0334
349489489,0.3495,-0.0772,-0.1300,-0.0955,-0.0316
353483483,0.3535,-0.0783,-0.1302,-0.0946,-0.0299
357477477,0.3575,-0.0794,-0.1305,-0.0936,-0.0282
361471471,0.3615,-0.0804,-0.1307,-0.0925,-0.0265
365465465,0.3655,-0.0814,-0.1309,-0.0914,-0.0249
369459459,0.3695,-0.0824,-0.1311,-0.0901,-0.0232
373453453,0.3735,-0.0833,-0.1313,-0.0888,-0.0216
377447447,0.3774,-0.0843,-0.1315,-0.0874,-0.0199
381441441,0.3814,-0.0852,-0.1316,-0.0860,-0.0184
385435435,0.3854,-0.0861,-0.1317,-0.0844,-0.0168
389429429,0.3894,-0.0870,-0.1318,-0.0829,-0.0153
393423423,0.3934,-0.0879,-0.1318,-0.0812,-0.0138
397417417,0.3974,-0.0887,-0.1318,-0.0795,-0.0124
401411411,0.4014,-0.0895,-0.1318,-0.0777,-0.0110
405405405,0.4054,-0.0903,-0.1318,-0.0758,-0.0097
409399399,0.4094,-0.0911,-0.1318,-0.0740,-0.0085
413393393,0.4134,-0.0918,-0.1317,-0.0720,-0.0073
417387387,0.4174,-0.0925,-0.1316,-0.0700,-0.0061
421381381,0.4214,-0.0932,-0.1314,-0.0680,-0.0051
425375375,0.4254,-0.0938,-0.1312,-0.0659,-0.0041
429369369,0.4294,-0.0944,-0.1310,-0.0638,-0.0032
433363363,0.4334,-0.0950,-0.1308,-0.0617,-0.0025
437357357,0.4374,-0.0956,-0.1305,-0.0595,-0.0018
441351351,0.4414,-0.0961,-0.1302,-0.0573,-0.0012
445345345,0.4453,-0.0966,-0.1299,-0.0551,-0.0007
449339339,0.4493,-0.0971,-0.1295,-0.0529,-0.0004
453333333,0.4533,-0.0975,-0.1290,-0.0507,-0.0001
457327327,0.4573,-0.0979,-0.1286,-0.0484,-0.0000
461321321,0.4613,-0.0983,-0.1281,-0.0462,-0.0000
465315315,0.4653,-0.0986,-0.1276,-0.0439,-0.0002
469309309,0.4693,-0.0989,-0.1270,-0.0417,-0.0005
473303303,0.4733,-0.0992,-0.1264,-0.0395,-0.0010
477297297,0.4773,-0.0994,-0.1257,-0.0373,-0.0016
481291291,0.4813,-0.0996,-0.1250,-0.0351,-0.0024
485285285,0.4853,-0.0998,-0.1243,-0.0329,-0.0033
489279279,0.4893,-0.0999,-0.1235,-0.0308,-0.0045
493273273,0.4933,-0.1000,-0.1227,-0.0287,-0.0058
497267267,0.4973,-0.1000,-0.1218,-0.0266,-0.0073
501261261,0.5013,-0.1000,-0.1209,-0.0246,-0.0090
505255255,0.5053,-0.1000,-0.1199,-0.0226,-0.0108
509249249,0.5092,-0.0999,-0.1189,-0.0207,-0.0129
513243243,0.5132,-0.0998,-0.1179,-0.0188,-0.0152
517237237,0.5172,-0.0997,-0.1168,-0.0171,-0.0178
521231231,0.5212,-0.0995,-0.1156,-0.0153,-0.0205
525225225,0.5252,-0.0992,-0.1144,-0.0137,-0.0235
529219219,0.5292,-0.0990,-0.1132,-0.0121,-0.0267
533213213,0.5332,-0.0987,-0.1119,-0.0106,-0.0301
537207207,0.5372,-0.0983,-0.1106,-0.0092,-0.0337
541201201,0.5412,-0.0980,-0.1092,-0.0078,-0.0376
545195195,0.5452,-0.0975,-0.1078,-0.0066,-0.0418
549189189,0.5492,-0.0971,-0.1063,-0.0055,-0.0462
553183183,0.5532,-0.0966,-0.1048,-0.0044,-0.0508
557177177,0.5572,-0.0960,-0.1032,-0.0035,-0.0557
561171171,0.5612,-0.0954,-0.1016,-0.0027,-0.0608
565165165,0.5652,-0.0948,-0.0999,-0.0019,-0.0662
569159159,0.5692,-0.0942,-0.0982,-0.0013,-0.0718
573153153,0.5732,-0.0935,-0.0965,-0.0008,-0.0777
577147147,0.5771,-0.0927,-0.0947,-0.0004,-0.0839
581141141,0.5811,-0.0919,-0.0928,-0.0002,-0.0902
585135135,0.5851,-0.0911,-0.0909,-0.0000,-0.0969
589129129,0.5891,-0.0903,-0.0890,-0.0000,-0.1038
593123123,0.5931,-0.0894,-0.0870,-0.0001,-0.1109
597117117,0.5971,-0.0884,-0.0850,-0.0003,-0.1182
601111111,0.6011,-0.0875,-0.0830,-0.0007,-0.1258
605105105,0.6051,-0.0865,-0.0809,-0.0012,-0.1337
609099099,0.6091,-0.0854,-0.0788,-0.0018,-0.1417
613093093,0.6131,-0.0843,-0.0766,-0.0025,-0.1500
617087087,0.6171,-0.0832,-0.0744,-0.0034,-0.1585
621081081,0.6211,-0.0821,-0.0722,-0.0044,-0.1672
625075075,0.6251,-0.0809,-0.0700,-0.0055,-0.1760
629069069,0.6291,-0.0797,-0.0677,-0.0067,-0.1851
633063063,0.6331,-0.0784,-0.0654,-0.0080,-0.1943
637057057,0.6371,-0.0771,-0.0631,-0.0095,-0.2037
641051051,0.6411,-0.0758,-0.0607,-0.0111,-0.2133
645045045,0.6450,-0.0745,-0.0583,-0.0128,-0.2230
649039039,0.6490,-0.0731,-0.0560,-0.0146,-0.2328
653033033,0.6530,-0.0717,-0.0536,-0.0165,-0.2427
657027027,0.6570,-0.0702,-0.0512,-0.0185,-0.2528
661021021,0.6610,-0.0688,-0.0488,-0.0206,-0.2629
665015015,0.6650,-0.0673,-0.0464,-0.0229,-0.2731
669009009,0.6690,-0.0658,-0.0440,-0.0251,-0.2833
673003003,0.6730,-0.0642,-0.0416,-0.0275,-0.2935
676996997,0.6770,-0.0627,-0.0392,-0.0300,-0.3038
680990991,0.6810,-0.0611,-0.0368,-0.0325,-0.3141
684984985,0.6850,-0.0595,-0.0344,-0.0351,-0.3243
688978979,0.6890,-0.0579,-0.0321,-0.0377,-0.3345
692972973,0.6930,-0.0562,-0.0298,-0.0404,-0.3446
696966967,0.6970,-0.0546,-0.0275,-0.0432,-0.3546
700960961,0.7010,-0.0529,-0.0253,-0.0460,-0.3645
704954955,0.7050,-0.0512,-0.0231,-0.0488,-0.3742
708948949,0.7089,-0.0495,-0.0210,-0.0516,-0.3838
712942943,0.7129,-0.0478,-0.0189,-0.0544,-0.3932
716936937,0.7169,-0.0461,-0.0169,-0.0573,-0.4024
720930931,0.7209,-0.0444,-0.0149,-0.0601,-0.4113
724924925,0.7249,-0.0427,-0.0131,-0.0629,-0.4200
728918919,0.7289,-0.0409,-0.0113,-0.0657,-0.4283
732912913,0.7329,-0.0392,-0.0096,-0.0684,-0.4364
736906907,0.7369,-0.0375,-0.0081,-0.0711,-0.4440
740900901,0.7409,-0.0358,-0.0066,-0.0738,-0.4513
744894895,0.7449,-0.0341,-0.0053,-0.0763,-0.4582
748888889,0.7489,-0.0324,-0.0040,-0.0788,-0.4647
752882883,0.7529,-0.0307,-0.0030,-0.0812,-0.4707
756876877,0.7569,-0.0290,-0.0020,-0.0836,-0.4761
760870871,0.7609,-0.0273,-0.0013,-0.0858,-0.4811
764864865,0.7649,-0.0257,-0.0007,-0.0878,-0.4855
768858859,0.7689,-0.0241,-0.0003,-0.0898,-0.4893
772852853,0.7729,-0.0225,-0.0000,-0.0916,-0.4924
776846847,0.7768,-0.0209,-0.0000,-0.0933,-0.4950
780840841,0.7808,-0.0194,-0.0002,-0.0948,-0.4968
784834835,0.7848,-0.0179,-0.0006,-0.0961,-0.4980
788828829,0.7888,-0.0164,-0.0013,-0.0972,-0.4984
792822823,0.7928,-0.0150,-0.0022,-0.0982,-0.4981
796816817,0.7968,-0.0136,-0.0034,-0.0990,-0.4970
800810811,0.8008,-0.0122,-0.0049,-0.0995,-0.4951
804804805,0.8048,-0.0110,-0.0066,-0.0999,-0.4923
808798799,0.8088,-0.0097,-0.0087,-0.1000,-0.4887
812792793,0.8128,-0.0085,-0.0111,-0.0999,-0.4842
816786787,0.8168,-0.0074,-0.0138,-0.0996,-0.4789
820780781,0.8208,-0.0063,-0.0169,-0.0990,-0.4726
824774775,0.8248,-0.0054,-0.0204,-0.0982,-0.4654
828768769,0.8288,-0.0044,-0.0243,-0.0971,-0.4573
832762763,0.8328,-0.0036,-0.0286,-0.0958,-0.4482
836756757,0.8368,-0.0028,-0.0333,-0.0942,-0.4382
840750751,0.8408,-0.0021,-0.0384,-0.0924,-0.4273
844744745,0.8447,-0.0015,-0.0440,-0.0903,-0.4154
848738739,0.8487,-0.0010,-0.0501,-0.0880,-0.4025
852732733,0.8527,-0.0006,-0.0567,-0.0854,-0.3888
856726727,0.8567,-0.0003,-0.0638,-0.0826,-0.3742
860720721,0.8607,-0.0001,-0.0714,-0.0796,-0.3587
864714715,0.8647,-0.0000,-0.0797,-0.0763,-0.3424
868708709,0.8687,-0.0000,-0.0884,-0.0729,-0.3252
872702703,0.8727,-0.0002,-0.0978,-0.0692,-0.3074
876696697,0.8767,-0.0004,-0.1078,-0.0653,-0.2889
880690691,0.8807,-0.0008,-0.1185,-0.0613,-0.2697
884684685,0.8847,-0.0014,-0.1298,-0.0571,-0.2501
888678679,0.8887,-0.0020,-0.1418,-0.0528,-0.2300
892672673,0.8927,-0.0028,-0.1545,-0.0485,-0.2097
896666667,0.8967,-0.0038,-0.1679,-0.0440,-0.1891
900660661,0.9007,-0.0049,-0.1821,-0.0395,-0.1686
904654655,0.9047,-0.0062,-0.1970,-0.0350,-0.1481
908648649,0.9086,-0.0076,-0.2128,-0.0306,-0.1280
912642643,0.9126,-0.0093,-0.2293,-0.0262,-0.1084
916636637,0.9166,-0.0111,-0.2467,-0.0220,-0.0895
920630631,0.9206,-0.0130,-0.2650,-0.0179,-0.0716
924624625,0.9246,-0.0152,-0.2841,-0.0141,-0.0550
928618619,0.9286,-0.0176,-0.3041,-0.0106,-0.0399
932612613,0.9326,-0.0201,-0.3251,-0.0075,-0.0267
936606607,0.9366,-0.0229,-0.3470,-0.0048,-0.0157
940600601,0.9406,-0.0259,-0.3698,-0.0026,-0.0073
944594595,0.9446,-0.0291,-0.3937,-0.0010,-0.0019
948588589,0.9486,-0.0326,-0.4185,-0.0002,-0.0000
952582583,0.9526,-0.0362,-0.4444,-0.0001,-0.0019
956576577,0.9566,-0.0402,-0.4713,-0.0009,-0.0082
960570571,0.9606,-0.0443,-0.4993,-0.0026,-0.0194
964564565,0.9646,-0.0487,-0.5283,-0.0055,-0.0359
968558559,0.9686,-0.0534,-0.5585,-0.0096,-0.0582
972552553,0.9726,-0.0583,-0.5897,-0.0151,-0.0870
976546547,0.9765,-0.0636,-0.6221,-0.0220,-0.1227
980540541,0.9805,-0.0690,-0.6557,-0.0305,-0.1658
984534535,0.9845,-0.0748,-0.6904,-0.0408,-0.2168
988528529,0.9885,-0.0809,-0.7262,-0.0530,-0.2762
992522523,0.9925,-0.0873,-0.7633,-0.0673,-0.3445
996516517,0.9965,-0.0939,-0.8016,-0.0837,-0.4219
1000510511,1.0005,-0.1009,-0.8410,-0.1026,-0.5090
1004504505,1.0045,-0.1082,-0.8817,-0.1239,-0.6059
1008498498,1.0085,-0.1159,-0.9237,-0.1480,-0.7130
1012492492,1.0125,-0.1238,-0.9668,-0.1749,-0.8303
1016486486,1.0165,-0.1322,-1.0112,-0.2049,-0.9579
1020480480,1.0205,-0.1408,-1.0569,-0.2380,-1.0959
1024474474,1.0245,-0.1498,-1.1038,-0.2746,-1.2441
1028468468,1.0285,-0.1592,-1.1520,-0.3147,-1.4026
1032462462,1.0325,-0.1690,-1.2015,-0.3585,-1.5709
1036456456,1.0365,-0.1791,-1.2522,-0.4061,-1.7489
1040450450,1.0405,-0.1896,-1.3042,-0.4577,-1.9363
1044444444,1.0444,-0.2005,-1.3574,-0.5135,-2.1326
1048438438,1.0484,-0.2118,-1.4119,-0.5736,-2.3374
1052432432,1.0524,-0.2234,-1.4677,-0.6381,-2.5502
1056426426,1.0564,-0.2355,-1.5247,-0.7071,-2.7706
1060420420,1.0604,-0.2481,-1.5830,-0.7807,-2.9980
1064414414,1.0644,-0.2610,-1.6426,-0.8590,-3.2318
1068408408,1.0684,-0.2744,-1.7033,-0.9421,-3.4717
1072402402,1.0724,-0.2882,-1.7654,-1.0300,-3.7169
1076396396,1.0764,-0.3024,-1.8286,-1.1228,-3.9671
1080390390,1.0804,-0.3171,-1.8930,-1.2205,-4.2216
1084384384,1.0844,-0.3322,-1.9587,-1.3230,-4.4800
1088378378,1.0884,-0.3478,-2.0255,-1.4304,-4.7419
1092372372,1.0924,-0.3639,-2.0936,-1.5427,-5.0067
1096366366,1.0964,-0.3804,-2.1627,-1.6598,-5.2741
1100360360,1.1004,-0.3974,-2.2331,-1.7817,-5.5436
1104354354,1.1044,-0.4149,-2.3045,-1.9082,-5.8149
1108348348,1.1083,-0.4329,-2.3771,-2.0392,-6.0877
1112342342,1.1123,-0.4513,-2.4508,-2.1748,-6.3615
1116336336,1.1163,-0.4703,-2.5255,-2.3146,-6.6362
1120330330,1.1203,-0.4897,-2.6014,-2.4587,-6.9114
1124324324,1.1243,-0.5097,-2.6782,-2.6069,-7.1869
1128318318,1.1283,-0.5302,-2.7561,-2.7590,-7.4625
1132312312,1.1323,-0.5512,-2.8350,-2.9149,-7.7379
1136306306,1.1363,-0.5727,-2.9149,-3.0744,-8.0131
1140300300,1.1403,-0.5947,-2.9957,-3.2373,-8.2877
1144294294,1.1443,-0.6173,-3.0775,-3.4034,-8.5617
1148288288,1.1483,-0.6404,-3.1601,-3.5727,-8.8350
1152282282,1.1523,-0.6640,-3.2437,-3.7449,-9.1074
1156276276,1.1563,-0.6881,-3.3282,-3.9198,-9.3787
1160270270,1.1603,-0.7128,-3.4135,-4.0972,-9.6491
1164264264,1.1643,-0.7381,-3.4996,-4.2771,-9.9182
1168258258,1.1683,-0.7638,-3.5865,-4.4592,-10.1861
1172252252,1.1723,-0.7902,-3.6743,-4.6433,-10.4528
1176246246,1.1762,-0.8170,-3.7627,-4.8293,-10.7180
1180240240,1.1802,-0.8445,-3.8519,-5.0170,-10.9819
1184234234,1.1842,-0.8724,-3.9418,-5.2063,-11.2444
1188228228,1.1882,-0.9010,-4.0324,-5.3970,-11.5054
1192222222,1.1922,-0.9301,-4.1237,-5.5889,-11.7649
1196216216,1.1962,-0.9597,-4.2156,-5.7821,-12.0229
1200210210,1.2002,-0.9899,-4.3082,-5.9762,-12.2794
1204204204,1.2042,-1.0206,-4.4013,-6.1712,-12.5343
1208198198,1.2082,-1.0519,-4.4950,-6.3669,-12.7877
1212192192,1.2122,-1.0838,-4.5892,-6.5633,-13.0396
1216186186,1.2162,-1.1162,-4.6840,-6.7602,-13.2898
1220180180,1.2202,-1.1492,-4.7793,-6.9575,-13.5385
1224174174,1.2242,-1.1827,-4.8751,-7.1552,-13.7857
1228168168,1.2282,-1.2168,-4.9713,-7.3531,-14.0313
1232162162,1.2322,-1.2514,-5.0680,-7.5512,-14.2753
1236156156,1.2362,-1.2866,-5.1651,-7.7493,-14.5179
1240150150,1.2402,-1.3224,-5.2626,-7.9474,-14.7588
1244144144,1.2441,-1.3586,-5.3605,-8.1455,-14.9983
1248138138,1.2481,-1.3955,-5.4588,-8.3434,-15.2362
1252132132,1.2521,-1.4328,-5.5574,-8.5411,-15.4727
1256126126,1.2561,-1.4707,-5.6563,-8.7386,-15.7076
1260120120,1.2601,-1.5092,-5.7556,-8.9358,-15.9411
1264114114,1.2641,-1.5482,-5.8551,-9.1326,-16.1731
1268108108,1.2681,-1.5877,-5.9549,-9.3289,-16.4037
1272102102,1.2721,-1.6277,-6.0550,-9.5249,-16.6328
1276096096,1.2761,-1.6683,-6.1552,-9.7203,-16.8605
1280090090,1.2801,-1.7094,-6.2558,-9.9153,-17.0868
1284084084,1.2841,-1.7509,-6.3565,-10.1097,-17.3117
1288078078,1.2881,-1.7931,-6.4574,-10.3035,-17.5353
1292072072,1.2921,-1.8357,-6.5585,-10.4966,-17.7575
1296066066,1.2961,-1.8788,-6.6597,-10.6892,-17.9783
1300060060,1.3001,-1.9224,-6.7611,-10.8811,-18.1979
1304054054,1.3041,-1.9665,-6.8626,-11.0723,-18.4161
1308048048,1.3080,-2.0111,-6.9643,-11.2628,-18.6330
1312042042,1.3120,-2.0562,-7.0660,-11.4526,-18.8487
1316036036,1.3160,-2.1017,-7.1679,-11.6416,-19.0630
1320030030,1.3200,-2.1477,-7.2698,-11.8300,-19.2762
1324024024,1.3240,-2.1942,-7.3718,-12.0175,-19.4881
1328018018,1.3280,-2.2412,-7.4738,-12.2043,-19.6988
1332012012,1.3320,-2.2886,-7.5759,-12.3903,-19.9083
1336006006,1.3360,-2.3364,-7.6780,-12.5756,-20.1166
1340000000,1.3400,-2.3847,-7.7802,-12.7600,-20.3237
1343993994,1.3440,-2.4334,-7.8823,-12.9436,-20.5297
1347987988,1.3480,-2.4826,-7.9845,-13.1265,-20.7346
1351981982,1.3520,-2.5322,-8.0866,-13.3085,-20.9383
1355975976,1.3560,-2.5822,-8.1887,-13.4898,-21.1409
1359969970,1.3600,-2.6326,-8.2908,-13.6702,-21.3424
1363963964,1.3640,-2.6834,-8.3929,-13.8498,-21.5428
1367957958,1.3680,-2.7346,-8.4949,-14.0286,-21.7422
1371951952,1.3720,-2.7862,-8.5969,-14.2066,-21.9405
1375945946,1.3759,-2.8381,-8.6988,-14.3838,-22.1377
1379939940,1.3799,-2.8905,-8.8007,-14.5601,-22.3339
1383933934,1.3839,-2.9432,-8.9024,-14.7357,-22.5291
1387927928,1.3879,-2.9963,-9.0041,-14.9104,-22.7233
1391921922,1.3919,-3.0497,-9.1057,-15.0843,-22.9165
1395915916,1.3959,-3.1035,-9.2072,-15.2575,-23.1087
1399909910,1.3999,-3.1576,-9.3086,-15.4298,-23.3000
1403903904,1.4039,-3.2121,-9.4099,-15.6013,-23.4903
1407897898,1.4079,-3.2668,-9.5111,-15.7720,-23.6796
1411891892,1.4119,-3.3219,-9.6122,-15.9420,-23.8680
1415885886,1.4159,-3.3774,-9.7131,-16.1111,-24.0555
1419879880,1.4199,-3.4331,-9.8140,-16.2795,-24.2420
1423873874,1.4239,-3.4891,-9.9146,-16.4471,-24.4277
1427867868,1.4279,-3.5454,-10.0152,-16.6139,-24.6124
1431861862,1.4319,-3.6020,-10.1156,-16.7800,-24.7963
1435855856,1.4359,-3.6588,-10.2158,-16.9453,-24.9793
1439849850,1.4398,-3.7160,-10.3160,-17.1098,-25.1615
1443843844,1.4438,-3.7734,-10.4159,-17.2735,-25.3428
1447837838,1.4478,-3.8310,-10.5157,-17.4366,-25.5232
1451831832,1.4518,-3.8889,-10.6153,-17.5988,-25.7028
1455825826,1.4558,-3.9471,-10.7148,-17.7604,-25.8816
1459819820,1.4598,-4.0054,-10.8141,-17.9212,-26.0596
1463813814,1.4638,-4.0640,-10.9132,-18.0812,-26.2368
1467807808,1.4678,-4.1229,-11.0121,-18.2406,-26.4132
1471801802,1.4718,-4.1819,-11.1109,-18.3992,-26.5888
1475795796,1.4758,-4.2412,-11.2095,-18.5571,-26.7636
1479789790,1.4798,-4.3006,-11.3079,-18.7143,-26.9376
1483783784,1.4838,-4.3603,-11.4061,-18.8709,-27.1109
1487777778,1.4878,-4.4201,-11.5041,-19.0267,-27.2834
1491771772,1.4918,-4.4801,-11.6020,-19.1818,-27.4552
1495765766,1.4958,-4.5404,-11.6996,-19.3362,-27.6263
1499759760,1.4998,-4.6007,-11.7971,-19.4900,-27.7966
1503753754,1.5038,-4.6613,-11.8943,-19.6431,-27.9662
1507747748,1.5077,-4.7220,-11.9914,-19.7955,-28.1350
1511741742,1.5117,-4.7828,-12.0882,-19.9473,-28.3032
1515735736,1.5157,-4.8438,-12.1849,-20.0984,-28.4707
1519729730,1.5197,-4.9049,-12.2813,-20.2488,-28.6374
1523723724,1.5237,-4.9662,-12.3776,-20.3986,-28.8035
1527717718,1.5277,-5.0276,-12.4736,-20.5478,-28.9689
1531711712,1.5317,-5.0891,-12.5695,-20.6963,-29.1337
1535705706,1.5357,-5.1508,-12.6651,-20.8442,-29.2977
1539699700,1.5397,-5.2125,-12.7605,-20.9915,-29.4611
1543693694,1.5437,-5.2744,-12.8557,-21.1381,-29.6239
1547687688,1.5477,-5.3364,-12.9507,-21.2842,-29.7860
1551681682,1.5517,-5.3984,-13.0455,-21.4296,-29.9475
1555675676,1.5557,-5.4606,-13.1401,-21.5744,-30.1083
1559669670,1.5597,-5.5229,-13.2344,-21.7187,-30.2685
1563663664,1.5637,-5.5852,-13.3286,-21.8623,-30.4281
1567657658,1.5677,-5.6476,-13.4225,-22.0054,-30.5870
1571651652,1.5717,-5.7101,-13.5162,-22.1478,-30.7454
1575645646,1.5756,-5.7726,-13.6097,-22.2897,-30.9032
1579639640,1.5796,-5.8352,-13.7030,-22.4310,-31.0603
1583633634,1.5836,-5.8979,-13.7961,-22.5718,-31.2169
1587627628,1.5876,-5.9607,-13.8889,-22.7120,-31.3728
1591621622,1.5916,-6.0234,-13.9816,-22.8516,-31.5282
1595615616,1.5956,-6.0863,-14.0740,-22.9907,-31.6830
1599609610,1.5996,-6.1491,-14.1662,-23.1292,-31.8373
1603603604,1.6036,-6.2120,-14.2582,-23.2672,-31.9909
1607597598,1.6076,-6.2750,-14.3499,-23.4046,-32.1441
1611591592,1.6116,-6.3380,-14.4415,-23.5415,-32.2966
1615585586,1.6156,-6.4010,-14.5328,-23.6779,-32.4486
1619579580,1.6196,-6.4640,-14.6239,-23.8137,-32.6001
1623573574,1.6236,-6.5270,-14.7148,-23.9490,-32.7510
1627567568,1.6276,-6.5901,-14.8055,-24.0838,-32.9013
1631561562,1.6316,-6.6532,-14.8960,-24.2181,-33.0512
1635555556,1.6356,-6.7163,-14.9862,-24.3519,-33.2005
1639549550,1.6395,-6.7793,-15.0763,-24.4852,-33.3493
1643543544,1.6435,-6.8424,-15.1661,-24.6180,-33.4975
1647537538,1.6475,-6.9055,-15.2557,-24.7502,-33.6453
1651531532,1.6515,-6.9686,-15.3451,-24.8820,-33.7925
1655525526,1.6555,-7.0317,-15.4342,-25.0133,-33.9393
1659519520,1.6595,-7.0948,-15.5232,-25.1441,-34.0855
1663513514,1.6635,-7.1578,-15.6119,-25.2744,-34.2312
1667507508,1.6675,-7.2209,-15.7004,-25.4043,-34.3765
1671501502,1.6715,-7.2839,-15.7887,-25.5337,-34.5212
1675495495,1.6755,-7.3469,-15.8768,-25.6626,-34.6655
1679489489,1.6795,-7.4098,-15.9647,-25.7910,-34.8093
1683483483,1.6835,-7.4728,-16.0524,-25.9190,-34.9526
1687477477,1.6875,-7.5357,-16.1399,-26.0465,-35.0954
1691471471,1.6915,-7.5986,-16.2271,-26.1736,-35.2377
1695465465,1.6955,-7.6615,-16.3141,-26.3002,-35.3796
1699459459,1.6995,-7.7243,-16.4010,-26.4263,-35.5210
1703453453,1.7035,-7.7871,-16.4876,-26.5521,-35.6620
1707447447,1.7074,-7.8498,-16.5740,-26.6773,-35.8025
1711441441,1.7114,-7.9125,-16.6602,-26.8022,-35.9426
1715435435,1.7154,-7.9751,-16.7462,-26.9266,-36.0822
1719429429,1.7194,-8.0378,-16.8319,-27.0506,-36.2213
1723423423,1.7234,-8.1003,-16.9175,-27.1741,-36.3600
1727417417,1.7274,-8.1628,-17.0029,-27.2972,-36.4983
1731411411,1.7314,-8.2253,-17.0880,-27.4199,-36.6361
1735405405,1.7354,-8.2877,-17.1730,-27.5422,-36.7735
1739399399,1.7394,-8.3500,-17.2577,-27.6641,-36.9105
1743393393,1.7434,-8.4123,-17.3423,-27.7856,-37.0471
1747387387,1.7474,-8.4745,-17.4266,-27.9066,-37.1832
1751381381,1.7514,-8.5367,-17.5108,-28.0273,-37.3189
1755375375,1.7554,-8.5987,-17.5947,-28.1475,-37.4542
1759369369,1.7594,-8.6608,-17.6784,-28.2674,-37.5891
1763363363,1.7634,-8.7227,-17.7619,-28.3868,-37.7235
1767357357,1.7674,-8.7846,-17.8453,-28.5059,-37.8576
1771351351,1.7714,-8.8465,-17.9284,-28.6245,-37.9912
1775345345,1.7753,-8.9082,-18.0113,-28.7428,-38.1245
1779339339,1.7793,-8.9699,-18.0941,-28.8607,-38.2573
1783333333,1.7833,-9.0315,-18.1766,-28.9782,-38.3898
1787327327,1.7873,-9.0930,-18.2590,-29.0954,-38.5218
1791321321,1.7913,-9.1545,-18.3411,-29.2121,-38.6535
1795315315,1.7953,-9.2159,-18.4230,-29.3285,-38.7848
1799309309,1.7993,-9.2772,-18.5048,-29.4445,-38.9157
1803303303,1.8033,-9.3384,-18.5864,-29.5601,-39.0462
1807297297,1.8073,-9.3995,-18.6677,-29.6754,-39.1763
1811291291,1.8113,-9.4606,-18.7489,-29.7903,-39.3061
1815285285,1.8153,-9.5216,-18.8299,-29.9049,-39.4354
1819279279,1.8193,-9.5825,-18.9107,-30.0191,-39.5644
1823273273,1.8233,-9.6433,-18.9913,-30.1329,-39.6931
1827267267,1.8273,-9.7040,-19.0717,-30.2464,-39.8213
1831261261,1.8313,-9.7646,-19.1519,-30.3595,-39.9492
1835255255,1.8353,-9.8252,-19.2319,-30.4723,-40.0767
1839249249,1.8392,-9.8857,-19.3118,-30.5848,-40.2039
1843243243,1.8432,-9.9460,-19.3914,-30.6969,-40.3307
1847237237,1.8472,-10.0063,-19.4709,-30.8086,-40.4572
1851231231,1.8512,-10.0665,-19.5502,-30.9201,-40.5833
1855225225,1.8552,-10.1266,-19.6293,-31.0311,-40.7090
1859219219,1.8592,-10.1866,-19.7082,-31.1419,-40.8345
1863213213,1.8632,-10.2465,-19.7869,-31.2523,-40.9595
1867207207,1.8672,-10.3064,-19.8655,-31.3624,-41.0842
1871201201,1.8712,-10.3661,-19.9439,-31.4721,-41.2086
1875195195,1.8752,-10.4257,-20.0220,-31.5816,-41.3326
1879189189,1.8792,-10.4853,-20.1001,-31.6907,-41.4563
1883183183,1.8832,-10.5447,-20.1779,-31.7995,-41.5797
1887177177,1.8872,-10.6041,-20.2555,-31.9079,-41.7027
1891171171,1.8912,-10.6633,-20.3330,-32.0161,-41.8254
1895165165,1.8952,-10.7225,-20.4103,-32.1239,-41.9477
1899159159,1.8992,-10.7816,-20.4874,-32.2314,-42.0698
1903153153,1.9032,-10.8405,-20.5644,-32.3387,-42.1915
1907147147,1.9071,-10.8994,-20.6411,-32.4456,-42.3129
1911141141,1.9111,-10.9582,-20.7177,-32.5522,-42.4339
1915135135,1.9151,-11.0168,-20.7941,-32.6584,-42.5547
1919129129,1.9191,-11.0754,-20.8704,-32.7644,-42.6751
1923123123,1.9231,-11.1339,-20.9464,-32.8701,-42.7952
1927117117,1.9271,-11.1922,-21.0223,-32.9755,-42.9150
1931111111,1.9311,-11.2505,-21.0981,-33.0806,-43.0345
1935105105,1.9351,-11.3087,-21.1736,-33.1854,-43.1536
1939099099,1.9391,-11.3667,-21.2490,-33.2899,-43.2725
1943093093,1.9431,-11.4247,-21.3242,-33.3941,-43.3910
1947087087,1.9471,-11.4826,-21.3993,-33.4980,-43.5093
1951081081,1.9511,-11.5403,-21.4742,-33.6017,-43.6272
1955075075,1.9551,-11.5980,-21.5489,-33.7050,-43.7449
1959069069,1.9591,-11.6556,-21.6235,-33.8081,-43.8622
1963063063,1.9631,-11.7130,-21.6978,-33.9109,-43.9793
1967057057,1.9671,-11.7704,-21.7721,-34.0134,-44.0960
1971051051,1.9711,-11.8276,-21.8461,-34.1156,-44.2125
1975045045,1.9750,-11.8848,-21.9200,-34.2175,-44.3286
1979039039,1.9790,-11.9418,-21.9938,-34.3192,-44.4445
1983033033,1.9830,-11.9988,-22.0673,-34.4206,-44.5601
1987027027,1.9870,-12.0556,-22.1407,-34.5217,-44.6754
1991021021,1.9910,-12.1124,-22.2140,-34.6226,-44.7904
1995015015,1.9950,-12.1690,-22.2871,-34.7231,-44.9051
1999009009,1.9990,-12.2255,-22.3600,-34.8234,-45.0196
2003003003,2.0030,-12.2820,-22.4328,-34.9235,-45.1337
2006996997,2.0070,-12.3383,-22.5054,-35.0233,-45.2476
2010990991,2.0110,-12.3945,-22.5778,-35.1228,-45.3612
2014984985,2.0150,-12.4506,-22.6501,-35.2220,-45.4745
2018978979,2.0190,-12.5067,-22.7223,-35.3210,-45.5876
2022972973,2.0230,-12.5626,-22.7943,-35.4198,-45.7003
2026966967,2.0270,-12.6184,-22.8661,-35.5183,-45.8128
2030960961,2.0310,-12.6741,-22.9378,-35.6165,-45.9251
2034954955,2.0350,-12.7297,-23.0093,-35.7145,-46.0370
2038948949,2.0389,-12.7852,-23.0807,-35.8122,-46.1487
2042942943,2.0429,-12.8406,-23.1519,-35.9096,-46.2602
2046936937,2.0469,-12.8959,-23.2230,-36.0069,-46.3713
2050930931,2.0509,-12.9511,-23.2939,-36.1038,-46.4822
2054924925,2.0549,-13.0062,-23.3646,-36.2006,-46.5929
2058918919,2.0589,-13.0612,-23.4353,-36.2970,-46.7032
2062912913,2.0629,-13.1161,-23.5057,-36.3933,-46.8134
2066906907,2.0669,-13.1708,-23.5760,-36.4893,-46.9232
2070900901,2.0709,-13.2255,-23.6462,-36.5850,-47.0328
2074894895,2.0749,-13.2801,-23.7162,-36.6805,-47.1422
2078888889,2.0789,-13.3346,-23.7861,-36.7758,-47.2513
2082882883,2.0829,-13.3889,-23.8559,-36.8708,-47.3601
2086876877,2.0869,-13.4432,-23.9254,-36.9656,-47.4687
2090870871,2.0909,-13.4974,-23.9949,-37.0602,-47.5770
2094864865,2.0949,-13.5514,-24.0642,-37.1545,-47.6851
2098858859,2.0989,-13.6054,-24.1333,-37.2486,-47.7929
2102852853,2.1029,-13.6593,-24.2023,-37.3425,-47.9005
2106846847,2.1068,-13.7130,-24.2712,-37.4361,-48.0079
2110840841,2.1108,-13.7667,-24.3399,-37.5295,-48.1150
2114834835,2.1148,-13.8202,-24.4085,-37.6227,-48.2219
2118828829,2.1188,-13.8737,-24.4770,-37.7156,-48.3285
2122822823,2.1228,-13.9270,-24.5453,-37.8084,-48.4349
2126816817,2.1268,-13.9803,-24.6134,-37.9009,-48.5410
2130810811,2.1308,-14.0334,-24.6815,-37.9932,-48.6469
2134804805,2.1348,-14.0865,-24.7493,-38.0852,-48.7526
2138798799,2.1388,-14.1394,-24.8171,-38.1771,-48.8580
2142792793,2.1428,-14.1923,-24.8847,-38.2687,-48.9632
2146786787,2.1468,-14.2451,-24.9522,-38.3601,-49.0682
2150780781,2.1508,-14.2977,-25.0195,-38.4513,-49.1729
2154774775,2.1548,-14.3503,-25.0867,-38.5422,-49.2774
2158768769,2.1588,-14.4027,-25.1538,-38.6330,-49.3817
2162762763,2.1628,-14.4551,-25.2207,-38.7235,-49.4857
2166756757,2.1668,-14.5073,-25.2875,-38.8139,-49.5895
2170750751,2.1708,-14.5595,-25.3542,-38.9040,-49.6931
2174744745,2.1747,-14.6115,-25.4207,-38.9939,-49.7965
2178738739,2.1787,-14.6635,-25.4871,-39.0836,-49.8996
2182732733,2.1827,-14.7153,-25.5534,-39.1731,-50.0026
2186726727,2.1867,-14.7671,-25.6195,-39.2624,-50.1052
2190720721,2.1907,-14.8188,-25.6855,-39.3515,-50.2077
2194714715,2.1947,-14.8703,-25.7514,-39.4404,-50.3100
2198708709,2.1987,-14.9218,-25.8172,-39.5290,-50.4120
2202702703,2.2027,-14.9732,-25.8828,-39.6175,-50.5138
2206696697,2.2067,-15.0244,-25.9483,-39.7058,-50.6154
2210690691,2.2107,-15.0756,-26.0136,-39.7938,-50.7168
2214684685,2.2147,-15.1267,-26.0789,-39.8817,-50.8180
2218678679,2.2187,-15.1777,-26.1440,-39.9694,-50.9189
2222672673,2.2227,-15.2286,-26.2089,-40.0569,-51.0197
2226666667,2.2267,-15.2793,-26.2738,-40.1441,-51.1202
2230660661,2.2307,-15.3300,-26.3385,-40.2312,-51.2205
2234654655,2.2347,-15.3806,-26.4031,-40.3181,-51.3206
2238648649,2.2386,-15.4311,-26.4676,-40.4048,-51.4205
2242642643,2.2426,-15.4816,-26.5320,-40.4913,-51.5202
2246636637,2.2466,-15.5319,-26.5962,-40.5776,-51.6197
2250630631,2.2506,-15.5821,-26.6603,-40.6637,-51.7190
2254624625,2.2546,-15.6322,-26.7243,-40.7496,-51.8181
2258618619,2.2586,-15.6822,-26.7881,-40.8354,-51.9169
2262612613,2.2626,-15.7322,-26.8519,-40.9209,-52.0156
2266606607,2.2666,-15.7820,-26.9155,-41.0063,-52.1141
2270600601,2.2706,-15.8318,-26.9790,-41.0915,-52.2123
2274594595,2.2746,-15.8814,-27.0424,-41.1765,-52.3104
2278588589,2.2786,-15.9310,-27.1056,-41.2613,-52.4082
2282582583,2.2826,-15.9805,-27.1687,-41.3459,-52.5059
2286576577,2.2866,-16.0299,-27.2318,-41.4303,-52.6034
2290570571,2.2906,-16.0791,-27.2947,-41.5146,-52.7006
2294564565,2.2946,-16.1283,-27.3574,-41.5987,-52.7977
2298558559,2.2986,-16.1774,-27.4201,-41.6825,-52.8946
2302552553,2.3026,-16.2265,-27.4826,-41.7663,-52.9913
2306546547,2.3065,-16.2754,-27.5451,-41.8498,-53.0878
2310540541,2.3105,-16.3242,-27.6074,-41.9332,-53.1841
2314534535,2.3145,-16.3730,-27.6696,-42.0163,-53.2802
2318528529,2.3185,-16.4216,-27.7317,-42.0993,-53.3761
2322522523,2.3225,-16.4702,-27.7936,-42.1822,-53.4718
2326516517,2.3265,-16.5186,-27.8555,-42.2648,-53.5673
2330510511,2.3305,-16.5670,-27.9172,-42.3473,-53.6627
2334504505,2.3345,-16.6153,-27.9788,-42.4296,-53.7578
2338498498,2.3385,-16.6635,-28.0403,-42.5118,-53.8528
2342492492,2.3425,-16.7116,-28.1017,-42.5937,-53.9476
2346486486,2.3465,-16.7597,-28.1630,-42.6755,-54.0422
2350480480,2.3505,-16.8076,-28.2242,-42.7571,-54.1366
2354474474,2.3545,-16.8555,-28.2852,-42.8386,-54.2308
2358468468,2.3585,-16.9032,-28.3462,-42.9199,-54.3248
2362462462,2.3625,-16.9509,-28.4070,-43.0010,-54.4187
2366456456,2.3665,-16.9985,-28.4678,-43.0820,-54.5124
2370450450,2.3705,-17.0460,-28.5284,-43.1627,-54.6059
2374444444,2.3744,-17.0934,-28.5889,-43.2434,-54.6992
2378438438,2.3784,-17.1407,-28.6493,-43.3238,-54.7923
2382432432,2.3824,-17.1880,-28.7096,-43.4041,-54.8853
2386426426,2.3864,-17.2351,-28.7698,-43.4842,-54.9781
2390420420,2.3904,-17.2822,-28.8298,-43.5642,-55.0707
2394414414,2.3944,-17.3292,-28.8898,-43.6440,-55.1631
2398408408,2.3984,-17.3761,-28.9497,-43.7237,-55.2554
2402402402,2.4024,-17.4229,-29.0094,-43.8031,-55.3475
2406396396,2.4064,-17.4696,-29.0691,-43.8825,-55.4394
2410390390,2.4104,-17.5163,-29.1286,-43.9616,-55.5311
2414384384,2.4144,-17.5628,-29.1880,-44.0406,-55.6226
2418378378,2.4184,-17.6093,-29.2474,-44.1195,-55.7140
2422372372,2.4224,-17.6557,-29.3066,-44.1982,-55.8052
2426366366,2.4264,-17.7020,-29.3657,-44.2767,-55.8963
2430360360,2.4304,-17.7482,-29.4247,-44.3551,-55.9872
2434354354,2.4344,-17.7944,-29.4836,-44.4333,-56.0779
2438348348,2.4383,-17.8404,-29.5424,-44.5114,-56.1684
2442342342,2.4423,-17.8864,-29.6011,-44.5893,-56.2588
2446336336,2.4463,-17.9323,-29.6597,-44.6671,-56.3490
2450330330,2.4503,-17.9781,-29.7182,-44.7447,-56.4390
2454324324,2.4543,-18.0239,-29.7766,-44.8222,-56.5289
2458318318,2.4583,-18.0695,-29.8349,-44.8995,-56.6186
2462312312,2.4623,-18.1151,-29.8931,-44.9766,-56.7081
2466306306,2.4663,-18.1606,-29.9512,-45.0536,-56.7975
2470300300,2.4703,-18.2060,-30.0092,-45.1305,-56.8867
2474294294,2.4743,-18.2513,-30.0671,-45.2072,-56.9757
2478288288,2.4783,-18.2966,-30.1249,-45.2838,-57.0646
2482282282,2.4823,-18.3417,-30.1826,-45.3602,-57.1533
2486276276,2.4863,-18.3868,-30.2402,-45.4365,-57.2419
2490270270,2.4903,-18.4318,-30.2977,-45.5126,-57.3303
2494264264,2.4943,-18.4768,-30.3551,-45.5886,-57.4186
2498258258,2.4983,-18.5216,-30.4124,-45.6644,-57.5066
2502252252,2.5023,-18.5664,-30.4696,-45.7401,-57.5946
2506246246,2.5062,-18.6111,-30.5267,-45.8157,-57.6823
2510240240,2.5102,-18.6557,-30.5837,-45.8911,-57.7699
2514234234,2.5142,-18.7002,-30.6406,-45.9663,-57.8574
2518228228,2.5182,-18.7447,-30.6974,-46.0414,-57.9447
2522222222,2.5222,-18.7891,-30.7542,-46.1164,-58.0318
2526216216,2.5262,-18.8334,-30.8108,-46.1913,-58.1188
2530210210,2.5302,-18.8776,-30.8673,-46.2660,-58.2057
2534204204,2.5342,-18.9218,-30.9238,-46.3405,-58.2923
2538198198,2.5382,-18.9659,-30.9801,-46.4149,-58.3789
2542192192,2.5422,-19.0099,-31.0363,-46.4892,-58.4652
2546186186,2.5462,-19.0538,-31.0925,-46.5634,-58.5515
2550180180,2.5502,-19.0976,-31.1486,-46.6374,-58.6375
2554174174,2.5542,-19.1414,-31.2045,-46.7112,-58.7234
2558168168,2.5582,-19.1851,-31.2604,-46.7850,-58.8092
2562162162,2.5622,-19.2287,-31.3162,-46.8586,-58.8948
2566156156,2.5662,-19.2723,-31.3719,-46.9320,-58.9803
2570150150,2.5702,-19.3157,-31.4274,-47.0054,-59.0656
2574144144,2.5741,-19.3591,-31.4829,-47.0786,-59.1508
2578138138,2.5781,-19.4025,-31.5384,-47.1516,-59.2358
2582132132,2.5821,-19.4457,-31.5937,-47.2245,-59.3207
2586126126,2.5861,-19.4889,-31.6489,-47.2973,-59.4054
2590120120,2.5901,-19.5320,-31.7040,-47.3700,-59.4900
2594114114,2.5941,-19.5750,-31.7591,-47.4425,-59.5745
2598108108,2.5981,-19.6180,-31.8141,-47.5149,-59.6588
2602102102,2.6021,-19.6609,-31.8689,-47.5872,-59.7429
2606096096,2.6061,-19.7037,-31.9237,-47.6593,-59.8269
2610090090,2.6101,-19.7464,-31.9784,-47.7313,-59.9108
2614084084,2.6141,-19.7891,-32.0330,-47.8032,-59.9945
2618078078,2.6181,-19.8317,-32.0875,-47.8750,-60.0781
2622072072,2.6221,-19.8742,-32.1419,-47.9466,-60.1616
2626066066,2.6261,-19.9167,-32.1963,-48.0181,-60.2449
2630060060,2.6301,-19.9591,-32.2505,-48.0895,-60.3280
2634054054,2.6341,-20.0014,-32.3047,-48.1607,-60.4110
2638048048,2.6380,-20.0436,-32.3588,-48.2318,-60.4939
2642042042,2.6420,-20.0858,-32.4128,-48.3028,-60.5766
2646036036,2.6460,-20.1279,-32.4667,-48.3737,-60.6592
2650030030,2.6500,-20.1699,-32.5205,-48.4444,-60.7417
2654024024,2.6540,-20.2119,-32.5742,-48.5150,-60.8240
2658018018,2.6580,-20.2538,-32.6279,-48.5855,-60.9062
2662012012,2.6620,-20.2956,-32.6814,-48.6559,-60.9883
2666006006,2.6660,-20.3373,-32.7349,-48.7262,-61.0702
2670000000,2.6700,-20.3790,-32.7883,-48.7963,-61.1520
2673993994,2.6740,-20.4206,-32.8416,-48.8663,-61.2336
2677987988,2.6780,-20.4622,-32.8948,-48.9362,-61.3151
2681981982,2.6820,-20.5037,-32.9479,-49.0059,-61.3965
2685975976,2.6860,-20.5451,-33.0010,-49.0756,-61.4777
2689969970,2.6900,-20.5864,-33.0540,-49.1451,-61.5588
2693963964,2.6940,-20.6277,-33.1069,-49.2145,-61.6398
2697957958,2.6980,-20.6689,-33.1597,-49.2838,-61.7207
2701951952,2.7020,-20.7100,-33.2124,-49.3529,-61.8014
2705945946,2.7059,-20.7511,-33.2650,-49.4220,-61.8820
2709939940,2.7099,-20.7921,-33.3176,-49.4909,-61.9624
2713933934,2.7139,-20.8331,-33.3701,-49.5597,-62.0427
2717927928,2.7179,-20.8739,-33.4225,-49.6284,-62.1229
2721921922,2.7219,-20.9147,-33.4748,-49.6970,-62.2030
2725915916,2.7259,-20.9555,-33.5270,-49.7654,-62.2829
2729909910,2.7299,-20.9962,-33.5792,-49.8338,-62.3627
2733903904,2.7339,-21.0368,-33.6312,-49.9020,-62.4424
2737897898,2.7379,-21.0773,-33.6832,-49.9701,-62.5219
2741891892,2.7419,-21.1178,-33.7351,-50.0381,-62.6013
2745885886,2.7459,-21.1582,-33.7870,-50.1060,-62.6806
2749879880,2.7499,-21.1985,-33.8387,-50.1738,-62.7598
2753873874,2.7539,-21.2388,-33.8904,-50.2414,-62.8388
2757867868,2.7579,-21.2791,-33.9420,-50.3090,-62.9177
2761861862,2.7619,-21.3192,-33.9935,-50.3764,-62.9965
2765855856,2.7659,-21.3593,-34.0449,-50.4437,-63.0752
2769849850,2.7698,-21.3993,-34.0963,-50.5109,-63.1537
2773843844,2.7738,-21.4393,-34.1476,-50.5780,-63.2321
2777837838,2.7778,-21.4792,-34.1988,-50.6450,-63.3104
2781831832,2.7818,-21.5190,-34.2499,-50.7119,-63.3886
2785825826,2.7858,-21.5588,-34.3010,-50.7787,-63.4666
2789819820,2.7898,-21.5985,-34.3519,-50.8453,-63.5445
2793813814,2.7938,-21.6382,-34.4028,-50.9119,-63.6223
2797807808,2.7978,-21.6778,-34.4536,-50.9783,-63.7000
2801801802,2.8018,-21.7173,-34.5044,-51.0446,-63.7776
2805795796,2.8058,-21.7567,-34.5551,-51.1108,-63.8550
2809789790,2.8098,-21.7961,-34.6056,-51.1769,-63.9323
2813783784,2.8138,-21.8355,-34.6562,-51.2429,-64.0095
2817777778,2.8178,-21.8748,-34.7066,-51.3088,-64.0866
2821771772,2.8218,-21.9140,-34.7570,-51.3746,-64.1635
2825765766,2.8258,-21.9531,-34.8072,-51.4403,-64.2403
2829759760,2.8298,-21.9922,-34.8575,-51.5059,-64.3171
2833753754,2.8338,-22.0313,-34.9076,-51.5714,-64.3937
2837747748,2.8377,-22.0702,-34.9577,-51.6367,-64.4701
2841741742,2.8417,-22.1091,-35.0077,-51.7020,-64.5465
2845735736,2.8457,-22.1480,-35.0576,-51.7672,-64.6228
2849729730,2.8497,-22.1868,-35.1074,-51.8322,-64.6989
2853723724,2.8537,-22.2255,-35.1572,-51.8972,-64.7749
2857717718,2.8577,-22.2642,-35.2069,-51.9620,-64.8508
2861711712,2.8617,-22.3028,-35.2565,-52.0267,-64.9266
2865705706,2.8657,-22.3414,-35.3061,-52.0914,-65.0022
2869699700,2.8697,-22.3799,-35.3556,-52.1559,-65.0778
2873693694,2.8737,-22.4183,-35.4050,-52.2204,-65.1532
2877687688,2.8777,-22.4567,-35.4543,-52.2847,-65.2285
2881681682,2.8817,-22.4950,-35.5036,-52.3489,-65.3038
2885675676,2.8857,-22.5332,-35.5528,-52.4131,-65.3788
2889669670,2.8897,-22.5714,-35.6019,-52.4771,-65.4538
2893663664,2.8937,-22.6096,-35.6509,-52.5410,-65.5287
2897657658,2.8977,-22.6477,-35.6999,-52.6048,-65.6035
2901651652,2.9017,-22.6857,-35.7488,-52.6686,-65.6781
2905645646,2.9056,-22.7237,-35.7977,-52.7322,-65.7526
2909639640,2.9096,-22.7616,-35.8464,-52.7957,-65.8271
2913633634,2.9136,-22.7994,-35.8951,-52.8592,-65.9014
2917627628,2.9176,-22.8372,-35.9438,-52.9225,-65.9756
2921621622,2.9216,-22.8750,-35.9923,-52.9857,-66.0497
2925615616,2.9256,-22.9127,-36.0408,-53.0489,-66.1236
2929609610,2.9296,-22.9503,-36.0892,-53.1119,-66.1975
2933603604,2.9336,-22.9879,-36.1376,-53.1749,-66.2713
2937597598,2.9376,-23.0254,-36.1859,-53.2377,-66.3449
2941591592,2.9416,-23.0629,-36.2341,-53.3004,-66.4185
2945585586,2.9456,-23.1003,-36.2822,-53.3631,-66.4919
2949579580,2.9496,-23.1376,-36.3303,-53.4257,-66.5653
2953573574,2.9536,-23.1749,-36.3783,-53.4881,-66.6385
2957567568,2.9576,-23.2121,-36.4262,-53.5505,-66.7116
2961561562,2.9616,-23.2493,-36.4741,-53.6128,-66.7846
2965555556,2.9656,-23.2865,-36.5219,-53.6749,-66.8575
2969549550,2.9695,-23.3235,-36.5696,-53.7370,-66.9303
2973543544,2.9735,-23.3605,-36.6173,-53.7990,-67.0030
2977537538,2.9775,-23.3975,-36.6649,-53.8609,-67.0756
2981531532,2.9815,-23.4344,-36.7125,-53.9227,-67.1480
2985525526,2.9855,-23.4713,-36.7599,-53.9844,-67.2204
2989519520,2.9895,-23.5081,-36.8073,-54.0460,-67.2927
2993513514,2.9935,-23.5448,-36.8547,-54.1075,-67.3649
2997507508,2.9975,-23.5815,-36.9019,-54.1690,-67.4369
3001501502,3.0015,-23.6182,-36.9492,-54.2303,-67.5089
3005495495,3.0055,-23.6547,-36.9963,-54.2916,-67.5807
3009489489,3.0095,-23.6913,-37.0434,-54.3527,-67.6525
3013483483,3.0135,-23.7278,-37.0904,-54.4138,-67.7241
3017477477,3.0175,-23.7642,-37.1373,-54.4747,-67.7957
3021471471,3.0215,-23.8006,-37.1842,-54.5356,-67.8671
3025465465,3.0255,-23.8369,-37.2310,-54.5964,-67.9385
3029459459,3.0295,-23.8731,-37.2778,-54.6571,-68.0097
3033453453,3.0335,-23.9094,-37.3245,-54.7177,-68.0808
3037447447,3.0374,-23.9455,-37.3711,-54.7782,-68.1519
3041441441,3.0414,-23.9816,-37.4176,-54.8387,-68.2228
3045435435,3.0454,-24.0177,-37.4641,-54.8990,-68.2937
3049429429,3.0494,-24.0537,-37.5106,-54.9593,-68.3644
3053423423,3.0534,-24.0897,-37.5569,-55.0194,-68.4350
3057417417,3.0574,-24.1256,-37.6032,-55.0795,-68.5056
3061411411,3.0614,-24.1614,-37.6495,-55.1395,-68.5760
3065405405,3.0654,-24.1972,-37.6957,-55.1994,-68.6464
3069399399,3.0694,-24.2330,-37.7418,-55.2592,-68.7166
3073393393,3.0734,-24.2687,-37.7878,-55.3190,-68.7867
3077387387,3.0774,-24.3043,-37.8338,-55.3786,-68.8568
3081381381,3.0814,-24.3399,-37.8798,-55.4382,-68.9267
3085375375,3.0854,-24.3755,-37.9256,-55.4976,-68.9966
3089369369,3.0894,-24.4110,-37.9714,-55.5570,-69.0663
3093363363,3.0934,-24.4464,-38.0172,-55.6163,-69.1360
3097357357,3.0974,-24.4818,-38.0629,-55.6755,-69.2056
3101351351,3.1014,-24.5172,-38.1085,-55.7347,-69.2750
3105345345,3.1053,-24.5525,-38.1540,-55.7937,-69.3444
3109339339,3.1093,-24.5877,-38.1995,-55.8527,-69.4137
3113333333,3.1133,-24.6229,-38.2450,-55.9115,-69.4828
3117327327,3.1173,-24.6581,-38.2904,-55.9703,-69.5519
3121321321,3.1213,-24.6932,-38.3357,-56.0290,-69.6209
3125315315,3.1253,-24.7282,-38.3809,-56.0876,-69.6898
3129309309,3.1293,-24.7632,-38.4261,-56.1462,-69.7586
3133303303,3.1333,-24.7982,-38.4713,-56.2046,-69.8273
3137297297,3.1373,-24.8331,-38.5163,-56.2630,-69.8959
3141291291,3.1413,-24.8680,-38.5614,-56.3213,-69.9644
3145285285,3.1453,-24.9028,-38.6063,-56.3795,-70.0329
3149279279,3.1493,-24.9375,-38.6512,-56.4376,-70.1012
3153273273,3.1533,-24.9722,-38.6961,-56.4957,-70.1694
3157267267,3.1573,-25.0069,-38.7408,-56.5536,-70.2376
3161261261,3.1613,-25.0415,-38.7856,-56.6115,-70.3056
3165255255,3.1653,-25.0761,-38.8302,-56.6693,-70.3736
3169249249,3.1692,-25.1106,-38.8748,-56.7270,-70.4415
3173243243,3.1732,-25.1451,-38.9194,-56.7847,-70.5092
3177237237,3.1772,-25.1795,-38.9639,-56.8422,-70.5769
3181231231,3.1812,-25.2139,-39.0083,-56.8997,-70.6445
3185225225,3.1852,-25.2482,-39.0527,-56.9571,-70.7120
3189219219,3.1892,-25.2825,-39.0970,-57.0144,-70.7794
3193213213,3.1932,-25.3168,-39.1412,-57.0717,-70.8468
3197207207,3.1972,-25.3510,-39.1854,-57.1288,-70.9140
3201201201,3.2012,-25.3851,-39.2296,-57.1859,-70.9811
3205195195,3.2052,-25.4192,-39.2737,-57.2429,-71.0482
3209189189,3.2092,-25.4533,-39.3177,-57.2998,-71.1152
3213183183,3.2132,-25.4873,-39.3617,-57.3567,-71.1820
3217177177,3.2172,-25.5212,-39.4056,-57.4134,-71.2488
3221171171,3.2212,-25.5551,-39.4494,-57.4701,-71.3155
3225165165,3.2252,-25.5890,-39.4932,-57.5267,-71.3821
3229159159,3.2292,-25.6228,-39.5370,-57.5833,-71.4487
3233153153,3.2332,-25.6566,-39.5807,-57.6397,-71.5151
3237147147,3.2371,-25.6904,-39.6243,-57.6961,-71.5814
3241141141,3.2411,-25.7240,-39.6679,-57.7524,-71.6477
3245135135,3.2451,-25.7577,-39.7114,-57.8086,-71.7139
3249129129,3.2491,-25.7913,-39.7549,-57.8648,-71.7800
3253123123,3.2531,-25.8248,-39.7983,-57.9208,-71.8460
3257117117,3.2571,-25.8583,-39.8416,-57.9768,-71.9119
3261111111,3.2611,-25.8918,-39.8849,-58.0327,-71.9777
3265105105,3.2651,-25.9252,-39.9282,-58.0886,-72.0434
3269099099,3.2691,-25.9586,-39.9714,-58.1444,-72.1091
3273093093,3.2731,-25.9919,-40.0145,-58.2000,-72.1747
3277087087,3.2771,-26.0252,-40.0576,-58.2557,-72.2402
3281081081,3.2811,-26.0585,-40.1006,-58.3112,-72.3056
3285075075,3.2851,-26.0917,-40.1436,-58.3667,-72.3709
3289069069,3.2891,-26.1248,-40.1865,-58.4221,-72.4361
3293063063,3.2931,-26.1579,-40.2293,-58.4774,-72.5013
3297057057,3.2971,-26.1910,-40.2722,-58.5326,-72.5663
3301051051,3.3011,-26.2240,-40.3149,-58.5878,-72.6313
3305045045,3.3050,-26.2570,-40.3576,-58.6429,-72.6962
3309039039,3.3090,-26.2899,-40.4003,-58.6979,-72.7610
3313033033,3.3130,-26.3228,-40.4429,-58.7529,-72.8257
3317027027,3.3170,-26.3557,-40.4854,-58.8078,-72.8904
3321021021,3.3210,-26.3885,-40.5279,-58.8626,-72.9550
3325015015,3.3250,-26.4213,-40.5703,-58.9173,-73.0194
3329009009,3.3290,-26.4540,-40.6127,-58.9720,-73.0838
3333003003,3.3330,-26.4867,-40.6551,-59.0266,-73.1482
3336996997,3.3370,-26.5193,-40.6973,-59.0811,-73.2124
3340990991,3.3410,-26.5519,-40.7396,-59.1355,-73.2765
3344984985,3.3450,-26.5844,-40.7817,-59.1899,-73.3406
3348978979,3.3490,-26.6170,-40.8239,-59.2442,-73.4046
3352972973,3.3530,-26.6494,-40.8659,-59.2985,-73.4685
3356966967,3.3570,-26.6819,-40.9079,-59.3526,-73.5323
3360960961,3.3610,-26.7142,-40.9499,-59.4067,-73.5961
3364954955,3.3650,-26.7466,-40.9918,-59.4607,-73.6598
3368948949,3.3689,-26.7789,-41.0337,-59.5147,-73.7234
3372942943,3.3729,-26.8111,-41.0755,-59.5686,-73.7869
3376936937,3.3769,-26.8434,-41.1173,-59.6224,-73.8503
3380930931,3.3809,-26.8755,-41.1590,-59.6761,-73.9136
3384924925,3.3849,-26.9077,-41.2006,-59.7298,-73.9769
3388918919,3.3889,-26.9398,-41.2423,-59.7834,-74.0401
3392912913,3.3929,-26.9718,-41.2838,-59.8369,-74.1032
3396906907,3.3969,-27.0038,-41.3253,-59.8904,-74.1663
3400900901,3.4009,-27.0358,-41.3668,-59.9438,-74.2292
3404894895,3.4049,-27.0678,-41.4082,-59.9971,-74.2921
3408888889,3.4089,-27.0996,-41.4495,-60.0504,-74.3549
3412882883,3.4129,-27.1315,-41.4908,-60.1036,-74.4176
3416876877,3.4169,-27.1633,-41.5321,-60.1567,-74.4802
3420870871,3.4209,-27.1951,-41.5733,-60.2098,-74.5428
3424864865,3.4249,-27.2268,-41.6145,-60.2627,-74.6053
3428858859,3.4289,-27.2585,-41.6556,-60.3157,-74.6677
3432852853,3.4329,-27.2902,-41.6966,-60.3685,-74.7300
3436846847,3.4368,-27.3218,-41.7376,-60.4213,-74.7923
3440840841,3.4408,-27.3533,-41.7786,-60.4740,-74.8545
3444834835,3.4448,-27.3849,-41.8195,-60.5267,-74.9166
3448828829,3.4488,-27.4164,-41.8604,-60.5793,-74.9786
3452822823,3.4528,-27.4478,-41.9012,-60.6318,-75.0406
3456816817,3.4568,-27.4792,-41.9420,-60.6842,-75.1024
3460810811,3.4608,-27.5106,-41.9827,-60.7366,-75.1643
3464804805,3.4648,-27.5419,-42.0233,-60.7889,-75.2260
3468798799,3.4688,-27.5732,-42.0640,-60.8412,-75.2876
3472792793,3.4728,-27.6045,-42.1045,-60.8934,-75.3492
3476786787,3.4768,-27.6357,-42.1451,-60.9455,-75.4107
3480780781,3.4808,-27.6669,-42.1855,-60.9976,-75.4721
3484774775,3.4848,-27.6980,-42.2260,-61.0496,-75.5335
3488768769,3.4888,-27.7291,-42.2663,-61.1015,-75.5948
3492762763,3.4928,-27.7602,-42.3067,-61.1533,-75.6560
3496756757,3.4968,-27.7912,-42.3470,-61.2051,-75.7171
3500750751,3.5008,-27.8222,-42.3872,-61.2569,-75.7782
3504744745,3.5047,-27.8532,-42.4274,-61.3086,-75.8391
3508738739,3.5087,-27.8841,-42.4675,-61.3602,-75.9000
3512732733,3.5127,-27.9150,-42.5076,-61.4117,-75.9609
3516726727,3.5167,-27.9458,-42.5477,-61.4632,-76.0216
3520720721,3.5207,-27.9766,-42.5877,-61.5146,-76.0823
3524714715,3.5247,-28.0074,-42.6276,-61.5659,-76.1430
3528708709,3.5287,-28.0381,-42.6675,-61.6172,-76.2035
3532702703,3.5327,-28.0688,-42.7074,-61.6685,-76.2640
3536696697,3.5367,-28.0994,-42.7472,-61.7196,-76.3244
3540690691,3.5407,-28.1300,-42.7870,-61.7707,-76.3847
3544684685,3.5447,-28.1606,-42.8267,-61.8218,-76.4450
3548678679,3.5487,-28.1912,-42.8664,-61.8727,-76.5052
3552672673,3.5527,-28.2217,-42.9060,-61.9237,-76.5653
3556666667,3.5567,-28.2521,-42.9456,-61.9745,-76.6253
3560660661,3.5607,-28.2825,-42.9851,-62.0253,-76.6853
3564654655,3.5647,-28.3129,-43.0246,-62.0760,-76.7452
3568648649,3.5686,-28.3433,-43.0641,-62.1267,-76.8050
3572642643,3.5726,-28.3736,-43.1035,-62.1773,-76.8648
3576636637,3.5766,-28.4039,-43.1428,-62.2278,-76.9245
3580630631,3.5806,-28.4341,-43.1821,-62.2783,-76.9841
3584624625,3.5846,-28.4643,-43.2214,-62.3287,-77.0436
3588618619,3.5886,-28.4945,-43.2606,-62.3791,-77.1031
3592612613,3.5926,-28.5246,-43.2998,-62.4294,-77.1625
3596606607,3.5966,-28.5547,-43.3389,-62.4796,-77.2219
3600600601,3.6006,-28.5848,-43.3780,-62.5298,-77.2811
3604594595,3.6046,-28.6148,-43.4171,-62.5799,-77.3403
3608588589,3.6086,-28.6448,-43.4561,-62.6300,-77.3995
3612582583,3.6126,-28.6748,-43.4950,-62.6800,-77.4585
3616576577,3.6166,-28.7047,-43.5339,-62.7299,-77.5175
3620570571,3.6206,-28.7346,-43.5728,-62.7798,-77.5765
3624564565,3.6246,-28.7644,-43.6116,-62.8296,-77.6353
3628558559,3.6286,-28.7943,-43.6504,-62.8794,-77.6941
3632552553,3.6326,-28.8240,-43.6891,-62.9291,-77.7528
3636546547,3.6365,-28.8538,-43.7278,-62.9787,-77.8115
3640540541,3.6405,-28.8835,-43.7665,-63.0283,-77.8701
3644534535,3.6445,-28.9132,-43.8051,-63.0778,-77.9286
3648528529,3.6485,-28.9428,-43.8436,-63.1273,-77.9871
3652522523,3.6525,-28.9724,-43.8821,-63.1767,-78.0455
3656516517,3.6565,-29.0020,-43.9206,-63.2260,-78.1038
3660510511,3.6605,-29.0315,-43.9590,-63.2753,-78.1620
3664504505,3.6645,-29.0610,-43.9974,-63.3245,-78.2202
3668498498,3.6685,-29.0905,-44.0358,-63.3737,-78.2783
3672492492,3.6725,-29.1199,-44.0741,-63.4228,-78.3364
3676486486,3.6765,-29.1493,-44.1123,-63.4719,-78.3944
3680480480,3.6805,-29.1787,-44.1505,-63.5209,-78.4523
3684474474,3.6845,-29.2080,-44.1887,-63.5698,-78.5101
3688468468,3.6885,-29.2373,-44.2268,-63.6187,-78.5679
3692462462,3.6925,-29.2666,-44.2649,-63.6675,-78.6257
3696456456,3.6965,-29.2958,-44.3030,-63.7163,-78.6833
3700450450,3.7005,-29.3250,-44.3410,-63.7650,-78.7409
3704444444,3.7044,-29.3542,-44.3789,-63.8137,-78.7984
3708438438,3.7084,-29.3833,-44.4168,-63.8623,-78.8559
3712432432,3.7124,-29.4124,-44.4547,-63.9108,-78.9133
3716426426,3.7164,-29.4414,-44.4925,-63.9593,-78.9706
3720420420,3.7204,-29.4705,-44.5303,-64.0078,-79.0279
3724414414,3.7244,-29.4995,-44.5681,-64.0561,-79.0851
3728408408,3.7284,-29.5284,-44.6058,-64.1045,-79.1422
3732402402,3.7324,-29.5573,-44.6435,-64.1527,-79.1993
3736396396,3.7364,-29.5862,-44.6811,-64.2009,-79.2563
3740390390,3.7404,-29.6151,-44.7187,-64.2491,-79.3133
3744384384,3.7444,-29.6439,-44.7562,-64.2972,-79.3701
3748378378,3.7484,-29.6727,-44.7937,-64.3452,-79.4270
3752372372,3.7524,-29.7015,-44.8312,-64.3932,-79.4837
3756366366,3.7564,-29.7302,-44.8686,-64.4411,-79.5404
3760360360,3.7604,-29.7589,-44.9060,-64.4890,-79.5970
3764354354,3.7644,-29.7876,-44.9433,-64.5368,-79.6536
3768348348,3.7683,-29.8162,-44.9806,-64.5846,-79.7101
3772342342,3.7723,-29.8448,-45.0179,-64.6323,-79.7666
3776336336,3.7763,-29.8734,-45.0551,-64.6800,-79.8229
3780330330,3.7803,-29.9019,-45.0923,-64.7276,-79.8793
3784324324,3.7843,-29.9304,-45.1294,-64.7751,-79.9355
3788318318,3.7883,-29.9589,-45.1665,-64.8226,-79.9917
3792312312,3.7923,-29.9873,-45.2036,-64.8701,-80.0478
3796306306,3.7963,-30.0157,-45.2406,-64.9175,-80.1039
3800300300,3.8003,-30.0441,-45.2776,-64.9648,-80.1599
3804294294,3.8043,-30.0724,-45.3145,-65.0121,-80.2159
3808288288,3.8083,-30.1007,-45.3514,-65.0593,-80.2717
3812282282,3.8123,-30.1290,-45.3882,-65.1065,-80.3276
3816276276,3.8163,-30.1573,-45.4251,-65.1536,-80.3833
3820270270,3.8203,-30.1855,-45.4618,-65.2007,-80.4390
3824264264,3.8243,-30.2137,-45.4986,-65.2477,-80.4947
3828258258,3.8283,-30.2418,-45.5353,-65.2947,-80.5502
3832252252,3.8323,-30.2699,-45.5719,-65.3416,-80.6058
3836246246,3.8362,-30.2980,-45.6086,-65.3885,-80.6612
3840240240,3.8402,-30.3261,-45.6451,-65.4353,-80.7166
3844234234,3.8442,-30.3541,-45.6817,-65.4820,-80.7720
3848228228,3.8482,-30.3821,-45.7182,-65.5287,-80.8272
3852222222,3.8522,-30.4101,-45.7547,-65.5754,-80.8825
3856216216,3.8562,-30.4380,-45.7911,-65.6220,-80.9376
3860210210,3.8602,-30.4659,-45.8275,-65.6685,-80.9927
3864204204,3.8642,-30.4938,-45.8638,-65.7150,-81.0477
3868198198,3.8682,-30.5216,-45.9001,-65.7615,-81.1027
3872192192,3.8722,-30.5494,-45.9364,-65.8079,-81.1576
3876186186,3.8762,-30.5772,-45.9726,-65.8542,-81.2125
3880180180,3.8802,-30.6050,-46.0088,-65.9005,-81.2673
3884174174,3.8842,-30.6327,-46.0450,-65.9467,-81.3221
3888168168,3.8882,-30.6604,-46.0811,-65.9929,-81.3767
3892162162,3.8922,-30.6880,-46.1172,-66.0391,-81.4314
3896156156,3.8962,-30.7157,-46.1532,-66.0852,-81.4859
3900150150,3.9002,-30.7433,-46.1892,-66.1312,-81.5404
3904144144,3.9041,-30.7708,-46.2252,-66.1772,-81.5949
3908138138,3.9081,-30.7984,-46.2611,-66.2231,-81.6493
3912132132,3.9121,-30.8259,-46.2970,-66.2690,-81.7036
3916126126,3.9161,-30.8534,-46.3329,-66.3148,-81.7579
3920120120,3.9201,-30.8808,-46.3687,-66.3606,-81.8121
3924114114,3.9241,-30.9082,-46.4045,-66.4064,-81.8663
3928108108,3.9281,-30.9356,-46.4402,-66.4521,-81.9204
3932102102,3.9321,-30.9630,-46.4759,-66.4977,-81.9744
3936096096,3.9361,-30.9903,-46.5116,-66.5433,-82.0284
3940090090,3.9401,-31.0176,-46.5472,-66.5888,-82.0823
3944084084,3.9441,-31.0449,-46.5828,-66.6343,-82.1362
3948078078,3.9481,-31.0721,-46.6184,-66.6797,-82.1900
3952072072,3.9521,-31.0993,-46.6539,-66.7251,-82.2438
3956066066,3.9561,-31.1265,-46.6894,-66.7705,-82.2975
3960060060,3.9601,-31.1537,-46.7248,-66.8158,-82.3512
3964054054,3.9641,-31.1808,-46.7603,-66.8610,-82.4047
3968048048,3.9680,-31.2079,-46.7956,-66.9062,-82.4583
3972042042,3.9720,-31.2350,-46.8310,-66.9514,-82.5118
3976036036,3.9760,-31.2620,-46.8663,-66.9965,-82.5652
3980030030,3.9800,-31.2890,-46.9015,-67.0415,-82.6186
3984024024,3.9840,-31.3160,-46.9368,-67.0865,-82.6719
3988018018,3.9880,-31.3429,-46.9720,-67.1315,-82.7251
3992012012,3.9920,-31.3699,-47.0071,-67.1764,-82.7783
3996006006,3.9960,-31.3968,-47.0422,-67.2212,-82.8315
4000000000,4.0000,-31.4236,-47.0773,-67.2660,-82.8846
