Freq_Hz,Freq_GHz,S21_N2_dB,S21_N3_dB,S21_N4_dB,S21_N5_dB,S21_N6_dB,S21_N7_dB,S21_N8_dB,S21_N9_dB
10000000,0.0100,-0.1000,-0.0001,-0.1000,-0.0003,-0.1000,-0.0005,-0.0998,-0.0008
17995992,0.0180,-0.1001,-0.0003,-0.1001,-0.0008,-0.0999,-0.0016,-0.0994,-0.0026
25991984,0.0260,-0.1002,-0.0006,-0.1003,-0.0017,-0.0998,-0.0033,-0.0988,-0.0054
33987976,0.0340,-0.1003,-0.0010,-0.1004,-0.0029,-0.0997,-0.0056,-0.0980,-0.0092
41983968,0.0420,-0.1005,-0.0016,-0.1007,-0.0044,-0.0995,-0.0085,-0.0970,-0.0138
49979960,0.0500,-0.1007,-0.0023,-0.1009,-0.0062,-0.0993,-0.0119,-0.0957,-0.0191
57975952,0.0580,-0.1010,-0.0030,-0.1012,-0.0083,-0.0990,-0.0158,-0.0943,-0.0251
65971944,0.0660,-0.1013,-0.0039,-0.1016,-0.0106,-0.0987,-0.0201,-0.0926,-0.0316
73967936,0.0740,-0.1016,-0.0049,-0.1020,-0.0132,-0.0984,-0.0248,-0.0907,-0.0385
81963928,0.0820,-0.1020,-0.0060,-0.1025,-0.0161,-0.0980,-0.0298,-0.0885,-0.0456
89959920,0.0900,-0.1024,-0.0072,-0.1030,-0.0191,-0.0975,-0.0350,-0.0862,-0.0528
97955912,0.0980,-0.1028,-0.0085,-0.1035,-0.0224,-0.0970,-0.0405,-0.0837,-0.0600
105951904,0.1060,-0.1033,-0.0099,-0.1041,-0.0258,-0.0964,-0.0461,-0.0810,-0.0669
113947896,0.1139,-0.1038,-0.0114,-0.1047,-0.0295,-0.0958,-0.0517,-0.0780,-0.0735
121943888,0.1219,-0.1044,-0.0130,-0.1053,-0.0332,-0.0951,-0.0573,-0.0749,-0.0796
129939880,0.1299,-0.1050,-0.0147,-0.1060,-0.0370,-0.0943,-0.0628,-0.0717,-0.0851
137935872,0.1379,-0.1056,-0.0164,-0.1068,-0.0410,-0.0934,-0.0682,-0.0682,-0.0899
145931864,0.1459,-0.1063,-0.0183,-0.1075,-0.0450,-0.0924,-0.0733,-0.0646,-0.0938
153927856,0.1539,-0.1070,-0.0202,-0.1083,-0.0490,-0.0914,-0.0781,-0.0608,-0.0968
161923848,0.1619,-0.1078,-0.0222,-0.1092,-0.0531,-0.0902,-0.0826,-0.0570,-0.0989
169919840,0.1699,-0.1086,-0.0242,-0.1100,-0.0571,-0.0890,-0.0867,-0.0530,-0.0999
177915832,0.1779,-0.1094,-0.0264,-0.1109,-0.0611,-0.0877,-0.0903,-0.0489,-0.0999
185911824,0.1859,-0.1103,-0.0285,-0.1118,-0.0650,-0.0862,-0.0934,-0.0448,-0.0988
193907816,0.1939,-0.1113,-0.0308,-0.1127,-0.0688,-0.0846,-0.0959,-0.0406,-0.0966
201903808,0.2019,-0.1122,-0.0331,-0.1137,-0.0725,-0.0830,-0.0979,-0.0365,-0.0935
209899800,0.2099,-0.1133,-0.0354,-0.1146,-0.0761,-0.0812,-0.0992,-0.0323,-0.0895
217895792,0.2179,-0.1143,-0.0378,-0.1156,-0.0795,-0.0792,-0.0999,-0.0283,-0.0846
225891784,0.2259,-0.1154,-0.0402,-0.1166,-0.0827,-0.0772,-0.1000,-0.0243,-0.0789
233887776,0.2339,-0.1166,-0.0426,-0.1176,-0.0857,-0.0750,-0.0994,-0.0204,-0.0726
241883768,0.2419,-0.1178,-0.0451,-0.1186,-0.0884,-0.0727,-0.0981,-0.0168,-0.0658
249879760,0.2499,-0.1190,-0.0475,-0.1196,-0.0909,-0.0703,-0.0962,-0.0134,-0.0586
257875752,0.2579,-0.1203,-0.0500,-0.1205,-0.0931,-0.0677,-0.0937,-0.0102,-0.0512
265871743,0.2659,-0.1216,-0.0525,-0.1215,-0.0951,-0.0651,-0.0906,-0.0074,-0.0437
273867735,0.2739,-0.1230,-0.0550,-0.1225,-0.0967,-0.0623,-0.0870,-0.0049,-0.0364
281863727,0.2819,-0.1245,-0.0574,-0.1234,-0.0980,-0.0594,-0.0828,-0.0029,-0.0294
289859719,0.2899,-0.1260,-0.0599,-0.1243,-0.0990,-0.0564,-0.0782,-0.0014,-0.0228
297855711,0.2979,-0.1275,-0.0624,-0.1252,-0.0997,-0.0533,-0.0732,-0.0004,-0.0168
305851703,0.3059,-0.1291,-0.0648,-0.1261,-0.1000,-0.0501,-0.0679,-0.0000,-0.0115
313847695,0.3138,-0.1307,-0.0672,-0.1269,-0.0999,-0.0468,-0.0623,-0.0002,-0.0071
321843687,0.3218,-0.1324,-0.0695,-0.1277,-0.0996,-0.0435,-0.0565,-0.0012,-0.0037
329839679,0.3298,-0.1342,-0.0718,-0.1284,-0.0988,-0.0401,-0.0506,-0.0028,-0.0014
337835671,0.3378,-0.1360,-0.0741,-0.1291,-0.0977,-0.0366,-0.0447,-0.0053,-0.0002
345831663,0.3458,-0.1378,-0.0763,-0.1297,-0.0963,-0.0332,-0.0388,-0.0085,-0.0001
353827655,0.3538,-0.1397,-0.0784,-0.1303,-0.0945,-0.0298,-0.0331,-0.0127,-0.0013
361823647,0.3618,-0.1417,-0.0805,-0.1307,-0.0924,-0.0264,-0.0276,-0.0176,-0.0036
369819639,0.3698,-0.1437,-0.0825,-0.1311,-0.0900,-0.0230,-0.0223,-0.0235,-0.0071
377815631,0.3778,-0.1458,-0.0844,-0.1315,-0.0873,-0.0198,-0.0175,-0.0303,-0.0116
385811623,0.3858,-0.1479,-0.0862,-0.1317,-0.0843,-0.0167,-0.0131,-0.0380,-0.0170
393807615,0.3938,-0.1501,-0.0880,-0.1318,-0.0810,-0.0137,-0.0093,-0.0466,-0.0233
401803607,0.4018,-0.1524,-0.0896,-0.1318,-0.0775,-0.0109,-0.0061,-0.0560,-0.0303
409799599,0.4098,-0.1547,-0.0911,-0.1318,-0.0738,-0.0083,-0.0035,-0.0663,-0.0377
417795591,0.4178,-0.1571,-0.0926,-0.1315,-0.0698,-0.0060,-0.0016,-0.0773,-0.0455
425791583,0.4258,-0.1596,-0.0939,-0.1312,-0.0657,-0.0040,-0.0004,-0.0891,-0.0534
433787575,0.4338,-0.1621,-0.0951,-0.1308,-0.0615,-0.0024,-0.0000,-0.1016,-0.0613
441783567,0.4418,-0.1647,-0.0962,-0.1302,-0.0571,-0.0011,-0.0004,-0.1146,-0.0689
449779559,0.4498,-0.1673,-0.0971,-0.1294,-0.0527,-0.0003,-0.0015,-0.1281,-0.0761
457775551,0.4578,-0.1700,-0.0980,-0.1285,-0.0482,-0.0000,-0.0035,-0.1419,-0.0826
465771543,0.4658,-0.1728,-0.0987,-0.1275,-0.0437,-0.0002,-0.0062,-0.1560,-0.0883
473767535,0.4738,-0.1757,-0.0992,-0.1263,-0.0392,-0.0010,-0.0096,-0.1702,-0.0930
481763527,0.4818,-0.1786,-0.0996,-0.1249,-0.0348,-0.0025,-0.0137,-0.1844,-0.0965
489759519,0.4898,-0.1816,-0.0999,-0.1234,-0.0305,-0.0046,-0.0184,-0.1983,-0.0989
497755511,0.4978,-0.1847,-0.1000,-0.1217,-0.0264,-0.0075,-0.0237,-0.2119,-0.1000
505751503,0.5058,-0.1878,-0.1000,-0.1198,-0.0224,-0.0111,-0.0294,-0.2249,-0.0997
513747495,0.5137,-0.1910,-0.0998,-0.1177,-0.0186,-0.0156,-0.0355,-0.2373,-0.0980
521743487,0.5217,-0.1943,-0.0994,-0.1155,-0.0151,-0.0209,-0.0419,-0.2488,-0.0950
529739479,0.5297,-0.1977,-0.0989,-0.1130,-0.0119,-0.0271,-0.0484,-0.2592,-0.0907
537735471,0.5377,-0.2012,-0.0983,-0.1104,-0.0090,-0.0342,-0.0550,-0.2683,-0.0852
545731463,0.5457,-0.2047,-0.0975,-0.1076,-0.0064,-0.0424,-0.0616,-0.2761,-0.0786
553727455,0.5537,-0.2083,-0.0965,-0.1045,-0.0043,-0.0515,-0.0680,-0.2822,-0.0712
561723447,0.5617,-0.2120,-0.0954,-0.1014,-0.0025,-0.0615,-0.0740,-0.2867,-0.0631
569719439,0.5697,-0.2158,-0.0941,-0.0980,-0.0012,-0.0726,-0.0797,-0.2892,-0.0545
577715431,0.5777,-0.2197,-0.0926,-0.0944,-0.0004,-0.0847,-0.0849,-0.2898,-0.0457
585711423,0.5857,-0.2237,-0.0910,-0.0907,-0.0000,-0.0979,-0.0895,-0.2882,-0.0370
593707415,0.5937,-0.2277,-0.0892,-0.0868,-0.0001,-0.1119,-0.0933,-0.2845,-0.0287
601703407,0.6017,-0.2318,-0.0873,-0.0827,-0.0008,-0.1270,-0.0964,-0.2786,-0.0209
609699399,0.6097,-0.2361,-0.0853,-0.0785,-0.0019,-0.1430,-0.0985,-0.2704,-0.0140
617695391,0.6177,-0.2404,-0.0830,-0.0741,-0.0035,-0.1598,-0.0997,-0.2599,-0.0083
625691383,0.6257,-0.2448,-0.0807,-0.0696,-0.0056,-0.1774,-0.1000,-0.2473,-0.0040
633687375,0.6337,-0.2493,-0.0782,-0.0650,-0.0083,-0.1958,-0.0992,-0.2326,-0.0011
641683367,0.6417,-0.2539,-0.0756,-0.0603,-0.0114,-0.2148,-0.0974,-0.2160,-0.0000
649679359,0.6497,-0.2586,-0.0729,-0.0556,-0.0149,-0.2344,-0.0945,-0.1976,-0.0007
657675351,0.6577,-0.2634,-0.0700,-0.0508,-0.0189,-0.2544,-0.0907,-0.1779,-0.0031
665671343,0.6657,-0.2683,-0.0670,-0.0460,-0.0232,-0.2747,-0.0859,-0.1570,-0.0073
673667335,0.6737,-0.2732,-0.0640,-0.0412,-0.0279,-0.2952,-0.0803,-0.1353,-0.0132
681663327,0.6817,-0.2783,-0.0608,-0.0364,-0.0329,-0.3158,-0.0740,-0.1135,-0.0205
689659319,0.6897,-0.2835,-0.0576,-0.0317,-0.0382,-0.3362,-0.0670,-0.0918,-0.0290
697655311,0.6977,-0.2888,-0.0543,-0.0271,-0.0437,-0.3563,-0.0595,-0.0709,-0.0384
705651303,0.7057,-0.2943,-0.0509,-0.0227,-0.0493,-0.3759,-0.0517,-0.0515,-0.0484
713647295,0.7136,-0.2998,-0.0475,-0.0185,-0.0549,-0.3948,-0.0438,-0.0342,-0.0586
721643287,0.7216,-0.3054,-0.0441,-0.0146,-0.0606,-0.4129,-0.0359,-0.0197,-0.0685
729639279,0.7296,-0.3111,-0.0406,-0.0110,-0.0662,-0.4298,-0.0283,-0.0087,-0.0777
737635271,0.7376,-0.3170,-0.0372,-0.0078,-0.0716,-0.4454,-0.0212,-0.0019,-0.0858
745631263,0.7456,-0.3229,-0.0338,-0.0050,-0.0768,-0.4595,-0.0148,-0.0001,-0.0924
753627255,0.7536,-0.3290,-0.0304,-0.0028,-0.0817,-0.4717,-0.0093,-0.0037,-0.0971
761623246,0.7616,-0.3352,-0.0270,-0.0012,-0.0862,-0.4819,-0.0049,-0.0134,-0.0996
769619238,0.7696,-0.3415,-0.0238,-0.0002,-0.0901,-0.4899,-0.0018,-0.0295,-0.0998
777615230,0.7776,-0.3479,-0.0206,-0.0000,-0.0936,-0.4954,-0.0002,-0.0523,-0.0974
785611222,0.7856,-0.3545,-0.0176,-0.0007,-0.0963,-0.4981,-0.0002,-0.0819,-0.0925
793607214,0.7936,-0.3611,-0.0147,-0.0024,-0.0984,-0.4979,-0.0018,-0.1182,-0.0852
801603206,0.8016,-0.3679,-0.0120,-0.0052,-0.0996,-0.4946,-0.0051,-0.1608,-0.0759
809599198,0.8096,-0.3748,-0.0095,-0.0092,-0.1000,-0.4879,-0.0101,-0.2091,-0.0649
817595190,0.8176,-0.3819,-0.0072,-0.0144,-0.0995,-0.4777,-0.0166,-0.2623,-0.0527
825591182,0.8256,-0.3890,-0.0052,-0.0212,-0.0980,-0.4638,-0.0245,-0.3194,-0.0402
833587174,0.8336,-0.3963,-0.0034,-0.0295,-0.0955,-0.4462,-0.0336,-0.3790,-0.0280
841583166,0.8416,-0.4038,-0.0020,-0.0395,-0.0920,-0.4249,-0.0436,-0.4396,-0.0170
849579158,0.8496,-0.4113,-0.0009,-0.0514,-0.0875,-0.3997,-0.0541,-0.4996,-0.0082
857575150,0.8576,-0.4190,-0.0003,-0.0654,-0.0820,-0.3710,-0.0646,-0.5569,-0.0023
865571142,0.8656,-0.4268,-0.0000,-0.0815,-0.0756,-0.3388,-0.0747,-0.6096,-0.0000
873567134,0.8736,-0.4348,-0.0002,-0.0999,-0.0684,-0.3034,-0.0838,-0.6556,-0.0019
881563126,0.8816,-0.4429,-0.0009,-0.1209,-0.0604,-0.2655,-0.0914,-0.6926,-0.0081
889559118,0.8896,-0.4511,-0.0022,-0.1445,-0.0519,-0.2256,-0.0969,-0.7184,-0.0185
897555110,0.8976,-0.4595,-0.0040,-0.1710,-0.0430,-0.1846,-0.0997,-0.7308,-0.0324
905551102,0.9056,-0.4680,-0.0065,-0.2005,-0.0340,-0.1436,-0.0995,-0.7278,-0.0487
913547094,0.9135,-0.4766,-0.0097,-0.2332,-0.0252,-0.1040,-0.0957,-0.7075,-0.0657
921543086,0.9215,-0.4854,-0.0135,-0.2693,-0.0170,-0.0677,-0.0884,-0.6685,-0.0815
929539078,0.9295,-0.4944,-0.0182,-0.3089,-0.0098,-0.0366,-0.0774,-0.6099,-0.0936
937535070,0.9375,-0.5034,-0.0236,-0.3522,-0.0042,-0.0135,-0.0632,-0.5321,-0.0997
945531062,0.9455,-0.5127,-0.0299,-0.3994,-0.0008,-0.0012,-0.0468,-0.4368,-0.0976
953527054,0.9535,-0.5221,-0.0371,-0.4506,-0.0002,-0.0030,-0.0295,-0.3283,-0.0859
961523046,0.9615,-0.5316,-0.0453,-0.5061,-0.0032,-0.0228,-0.0137,-0.2144,-0.0649
969519038,0.9695,-0.5413,-0.0546,-0.5659,-0.0108,-0.0646,-0.0026,-0.1078,-0.0376
977515030,0.9775,-0.5511,-0.0649,-0.6302,-0.0239,-0.1324,-0.0007,-0.0277,-0.0113
985511022,0.9855,-0.5611,-0.0763,-0.6990,-0.0436,-0.2305,-0.0137,-0.0006,-0.0001
993507014,0.9935,-0.5712,-0.0889,-0.7726,-0.0711,-0.3627,-0.0490,-0.0603,-0.0271
1001503006,1.0015,-0.5815,-0.1027,-0.8510,-0.1076,-0.5322,-0.1153,-0.2434,-0.1260
1009498998,1.0095,-0.5920,-0.1178,-0.9344,-0.1544,-0.7414,-0.2224,-0.5824,-0.3407
1017494990,1.0175,-0.6026,-0.1343,-1.0227,-0.2129,-0.9917,-0.3809,-1.0960,-0.7183
1025490982,1.0255,-0.6133,-0.1522,-1.1160,-0.2844,-1.2835,-0.6009,-1.7823,-1.2967
1033486974,1.0335,-0.6243,-0.1715,-1.2143,-0.3703,-1.6157,-0.8911,-2.6200,-2.0897
1041482966,1.0415,-0.6354,-0.1924,-1.3178,-0.4718,-1.9862,-1.2572,-3.5750,-3.0815
1049478958,1.0495,-0.6466,-0.2148,-1.4263,-0.5900,-2.3921,-1.7012,-4.6101,-4.2319
1057474950,1.0575,-0.6580,-0.2388,-1.5399,-0.7260,-2.8296,-2.2211,-5.6920,-5.4917
1065470942,1.0655,-0.6696,-0.2645,-1.6585,-0.8805,-3.2947,-2.8108,-6.7948,-6.8149
1073466934,1.0735,-0.6814,-0.2919,-1.7821,-1.0543,-3.7831,-3.4615,-7.8997,-8.1650
1081462926,1.0815,-0.6933,-0.3211,-1.9106,-1.2475,-4.2906,-4.1625,-8.9941,-9.5167
1089458918,1.0895,-0.7054,-0.3521,-2.0438,-1.4603,-4.8133,-4.9030,-10.0702,-10.8534
1097454910,1.0975,-0.7176,-0.3850,-2.1818,-1.6926,-5.3474,-5.6724,-11.1235,-12.1655
1105450902,1.1055,-0.7300,-0.4198,-2.3243,-1.9437,-5.8897,-6.4614,-12.1517,-13.4474
1113446894,1.1134,-0.7426,-0.4565,-2.4713,-2.2130,-6.4374,-7.2621,-13.1537,-14.6968
1121442886,1.1214,-0.7554,-0.4953,-2.6227,-2.4996,-6.9881,-8.0679,-14.1297,-15.9129
1129438878,1.1294,-0.7683,-0.5360,-2.7781,-2.8024,-7.5398,-8.8738,-15.0803,-17.0962
1137434870,1.1374,-0.7814,-0.5789,-2.9376,-3.1201,-8.0907,-9.6760,-16.0062,-18.2475
1145430862,1.1454,-0.7947,-0.6238,-3.1009,-3.4513,-8.6396,-10.4714,-16.9085,-19.3683
1153426854,1.1534,-0.8082,-0.6709,-3.2678,-3.7947,-9.1852,-11.2581,-17.7885,-20.4599
1161422846,1.1614,-0.8218,-0.7201,-3.4382,-4.1489,-9.7268,-12.0346,-18.6471,-21.5239
1169418838,1.1694,-0.8356,-0.7714,-3.6119,-4.5125,-10.2637,-12.7998,-19.4857,-22.5617
1177414830,1.1774,-0.8496,-0.8250,-3.7887,-4.8840,-10.7954,-13.5531,-20.3051,-23.5749
1185410822,1.1854,-0.8638,-0.8808,-3.9685,-5.2623,-11.3214,-14.2943,-21.1065,-24.5646
1193406814,1.1934,-0.8781,-0.9388,-4.1509,-5.6461,-11.8416,-15.0231,-21.8907,-25.5322
1201402806,1.2014,-0.8927,-0.9990,-4.3359,-6.0343,-12.3557,-15.7396,-22.6588,-26.4790
1209398798,1.2094,-0.9074,-1.0615,-4.5233,-6.4259,-12.8636,-16.4440,-23.4115,-27.4058
1217394790,1.2174,-0.9223,-1.1261,-4.7128,-6.8199,-13.3653,-17.1364,-24.1497,-28.3139
1225390782,1.2254,-0.9373,-1.1931,-4.9044,-7.2154,-13.8607,-17.8172,-24.8739,-29.2040
1233386774,1.2334,-0.9526,-1.2622,-5.0977,-7.6119,-14.3499,-18.4865,-25.5850,-30.0772
1241382766,1.2414,-0.9680,-1.3335,-5.2928,-8.0086,-14.8329,-19.1447,-26.2835,-30.9341
1249378758,1.2494,-0.9836,-1.4070,-5.4894,-8.4049,-15.3098,-19.7922,-26.9700,-31.7756
1257374749,1.2574,-0.9995,-1.4827,-5.6873,-8.8003,-15.7808,-20.4293,-27.6451,-32.6024
1265370741,1.2654,-1.0154,-1.5605,-5.8865,-9.1944,-16.2458,-21.0563,-28.3093,-33.4150
1273366733,1.2734,-1.0316,-1.6405,-6.0867,-9.5868,-16.7050,-21.6735,-28.9629,-34.2142
1281362725,1.2814,-1.0480,-1.7225,-6.2878,-9.9773,-17.1586,-22.2813,-29.6066,-35.0004
1289358717,1.2894,-1.0645,-1.8067,-6.4898,-10.3655,-17.6067,-22.8800,-30.2406,-35.7742
1297354709,1.2974,-1.0812,-1.8928,-6.6924,-10.7512,-18.0493,-23.4698,-30.8653,-36.5361
1305350701,1.3054,-1.0982,-1.9809,-6.8956,-11.1342,-18.4866,-24.0512,-31.4811,-37.2866
1313346693,1.3133,-1.1153,-2.0710,-7.0993,-11.5144,-18.9188,-24.6242,-32.0884,-38.0260
1321342685,1.3213,-1.1326,-2.1630,-7.3033,-11.8917,-19.3460,-25.1893,-32.6875,-38.7548
1329338677,1.3293,-1.1500,-2.2568,-7.5076,-12.2659,-19.7682,-25.7467,-33.2786,-39.4734
1337334669,1.3373,-1.1677,-2.3524,-7.7120,-12.6370,-20.1856,-26.2965,-33.8620,-40.1821
1345330661,1.3453,-1.1856,-2.4498,-7.9165,-13.0049,-20.5984,-26.8392,-34.4380,-40.8813
1353326653,1.3533,-1.2036,-2.5490,-8.1210,-13.3696,-21.0066,-27.3748,-35.0069,-41.5712
1361322645,1.3613,-1.2218,-2.6497,-8.3254,-13.7311,-21.4104,-27.9036,-35.5688,-42.2522
1369318637,1.3693,-1.2402,-2.7521,-8.5297,-14.0893,-21.8099,-28.4258,-36.1241,-42.9246
1377314629,1.3773,-1.2588,-2.8560,-8.7337,-14.4443,-22.2051,-28.9416,-36.6728,-43.5887
1385310621,1.3853,-1.2776,-2.9615,-8.9375,-14.7960,-22.5962,-29.4512,-37.2153,-44.2446
1393306613,1.3933,-1.2966,-3.0683,-9.1409,-15.1444,-22.9833,-29.9547,-37.7516,-44.8927
1401302605,1.4013,-1.3158,-3.1766,-9.3440,-15.4897,-23.3664,-30.4524,-38.2820,-45.5332
1409298597,1.4093,-1.3351,-3.2861,-9.5466,-15.8317,-23.7458,-30.9444,-38.8066,-46.1663
1417294589,1.4173,-1.3547,-3.3970,-9.7487,-16.1706,-24.1214,-31.4308,-39.3257,-46.7921
1425290581,1.4253,-1.3744,-3.5090,-9.9503,-16.5064,-24.4933,-31.9118,-39.8393,-47.4110
1433286573,1.4333,-1.3943,-3.6222,-10.1514,-16.8390,-24.8617,-32.3876,-40.3476,-48.0231
1441282565,1.4413,-1.4144,-3.7365,-10.3518,-17.1686,-25.2266,-32.8583,-40.8507,-48.6286
1449278557,1.4493,-1.4347,-3.8519,-10.5517,-17.4952,-25.5881,-33.3240,-41.3488,-49.2276
1457274549,1.4573,-1.4552,-3.9682,-10.7508,-17.8188,-25.9463,-33.7848,-41.8421,-49.8204
1465270541,1.4653,-1.4759,-4.0855,-10.9493,-18.1394,-26.3012,-34.2409,-42.3305,-50.4070
1473266533,1.4733,-1.4967,-4.2036,-11.1471,-18.4572,-26.6530,-34.6924,-42.8143,-50.9877
1481262525,1.4813,-1.5178,-4.3226,-11.3441,-18.7721,-27.0016,-35.1393,-43.2936,-51.5626
1489258517,1.4893,-1.5390,-4.4424,-11.5404,-19.0843,-27.3472,-35.5819,-43.7684,-52.1317
1497254509,1.4973,-1.5604,-4.5628,-11.7360,-19.3936,-27.6898,-36.0202,-44.2389,-52.6954
1505250501,1.5053,-1.5820,-4.6840,-11.9307,-19.7003,-28.0295,-36.4543,-44.7052,-53.2536
1513246493,1.5132,-1.6038,-4.8058,-12.1247,-20.0043,-28.3664,-36.8843,-45.1674,-53.8066
1521242485,1.5212,-1.6257,-4.9281,-12.3178,-20.3056,-28.7004,-37.3102,-45.6255,-54.3544
1529238477,1.5292,-1.6479,-5.0510,-12.5101,-20.6044,-29.0317,-37.7323,-46.0796,-54.8971
1537234469,1.5372,-1.6702,-5.1744,-12.7016,-20.9007,-29.3603,-38.1505,-46.5299,-55.4350
1545230461,1.5452,-1.6927,-5.2982,-12.8923,-21.1944,-29.6863,-38.5650,-46.9764,-55.9680
1553226453,1.5532,-1.7154,-5.4225,-13.0821,-21.4857,-30.0097,-38.9759,-47.4191,-56.4962
1561222445,1.5612,-1.7383,-5.5471,-13.2710,-21.7746,-30.3306,-39.3831,-47.8583,-57.0199
1569218437,1.5692,-1.7613,-5.6720,-13.4591,-22.0611,-30.6490,-39.7868,-48.2939,-57.5390
1577214429,1.5772,-1.7846,-5.7972,-13.6464,-22.3453,-30.9650,-40.1870,-48.7260,-58.0536
1585210421,1.5852,-1.8080,-5.9227,-13.8327,-22.6272,-31.2785,-40.5839,-49.1547,-58.5640
1593206413,1.5932,-1.8316,-6.0484,-14.0183,-22.9068,-31.5897,-40.9775,-49.5800,-59.0700
1601202405,1.6012,-1.8553,-6.1742,-14.2029,-23.1843,-31.8986,-41.3679,-50.0021,-59.5719
1609198397,1.6092,-1.8793,-6.3002,-14.3866,-23.4595,-32.2053,-41.7550,-50.4209,-60.0698
1617194389,1.6172,-1.9034,-6.4263,-14.5695,-23.7327,-32.5097,-42.1390,-50.8365,-60.5635
1625190381,1.6252,-1.9277,-6.5526,-14.7516,-24.0037,-32.8119,-42.5200,-51.2491,-61.0534
1633186373,1.6332,-1.9522,-6.6788,-14.9327,-24.2726,-33.1120,-42.8980,-51.6586,-61.5394
1641182365,1.6412,-1.9768,-6.8051,-15.1130,-24.5395,-33.4100,-43.2730,-52.0651,-62.0216
1649178357,1.6492,-2.0016,-6.9314,-15.2924,-24.8044,-33.7058,-43.6452,-52.4687,-62.5001
1657174349,1.6572,-2.0266,-7.0577,-15.4710,-25.0674,-33.9997,-44.0145,-52.8693,-62.9749
1665170341,1.6652,-2.0518,-7.1840,-15.6487,-25.3284,-34.2915,-44.3810,-53.2672,-63.4461
1673166333,1.6732,-2.0771,-7.3101,-15.8255,-25.5874,-34.5814,-44.7447,-53.6622,-63.9138
1681162325,1.6812,-2.1026,-7.4362,-16.0015,-25.8447,-34.8693,-45.1058,-54.0545,-64.3781
1689158317,1.6892,-2.1282,-7.5622,-16.1766,-26.1000,-35.1553,-45.4642,-54.4441,-64.8389
1697154309,1.6972,-2.1541,-7.6880,-16.3509,-26.3536,-35.4395,-45.8200,-54.8310,-65.2964
1705150301,1.7052,-2.1801,-7.8137,-16.5243,-26.6053,-35.7217,-46.1733,-55.2154,-65.7506
1713146293,1.7131,-2.2062,-7.9392,-16.6969,-26.8553,-36.0022,-46.5240,-55.5971,-66.2016
1721142285,1.7211,-2.2325,-8.0646,-16.8687,-27.1036,-36.2809,-46.8723,-55.9764,-66.6494
1729138277,1.7291,-2.2590,-8.1897,-17.0396,-27.3502,-36.5577,-47.2181,-56.3531,-67.0940
1737134269,1.7371,-2.2857,-8.3146,-17.2097,-27.5950,-36.8329,-47.5616,-56.7274,-67.5356
1745130261,1.7451,-2.3125,-8.4393,-17.3790,-27.8383,-37.1063,-47.9027,-57.0993,-67.9742
1753126253,1.7531,-2.3394,-8.5638,-17.5474,-28.0799,-37.3781,-48.2414,-57.4688,-68.4097
1761122244,1.7611,-2.3665,-8.6880,-17.7151,-28.3198,-37.6481,-48.5779,-57.8359,-68.8424
1769118236,1.7691,-2.3938,-8.8119,-17.8820,-28.5582,-37.9166,-48.9122,-58.2008,-69.2721
1777114228,1.7771,-2.4212,-8.9355,-18.0480,-28.7951,-38.1834,-49.2442,-58.5633,-69.6990
1785110220,1.7851,-2.4488,-9.0589,-18.2133,-29.0304,-38.4486,-49.5740,-58.9237,-70.1231
1793106212,1.7931,-2.4765,-9.1819,-18.3777,-29.2642,-38.7122,-49.9017,-59.2818,-70.5444
1801102204,1.8011,-2.5044,-9.3047,-18.5414,-29.4965,-38.9743,-50.2273,-59.6378,-70.9631
1809098196,1.8091,-2.5324,-9.4271,-18.7043,-29.7273,-39.2349,-50.5508,-59.9916,-71.3790
1817094188,1.8171,-2.5606,-9.5492,-18.8665,-29.9567,-39.4939,-50.8723,-60.3433,-71.7923
1825090180,1.8251,-2.5890,-9.6709,-19.0279,-30.1846,-39.7514,-51.1917,-60.6929,-72.2030
1833086172,1.8331,-2.6174,-9.7923,-19.1885,-30.4111,-40.0075,-51.5092,-61.0405,-72.6111
1841082164,1.8411,-2.6460,-9.9134,-19.3483,-30.6363,-40.2622,-51.8246,-61.3860,-73.0168
1849078156,1.8491,-2.6748,-10.0341,-19.5075,-30.8600,-40.5154,-52.1382,-61.7295,-73.4199
1857074148,1.8571,-2.7037,-10.1544,-19.6658,-31.0824,-40.7671,-52.4498,-62.0711,-73.8205
1865070140,1.8651,-2.7327,-10.2744,-19.8235,-31.3035,-41.0175,-52.7595,-62.4107,-74.2188
1873066132,1.8731,-2.7619,-10.3940,-19.9804,-31.5233,-41.2665,-53.0674,-62.7484,-74.6146
1881062124,1.8811,-2.7912,-10.5132,-20.1366,-31.7417,-41.5142,-53.3735,-63.0842,-75.0081
1889058116,1.8891,-2.8207,-10.6320,-20.2920,-31.9589,-41.7605,-53.6777,-63.4181,-75.3993
1897054108,1.8971,-2.8503,-10.7504,-20.4468,-32.1748,-42.0055,-53.9802,-63.7502,-75.7882
1905050100,1.9051,-2.8800,-10.8685,-20.6008,-32.3895,-42.2492,-54.2809,-64.0804,-76.1748
1913046092,1.9130,-2.9098,-10.9862,-20.7542,-32.6029,-42.4915,-54.5798,-64.4089,-76.5592
1921042084,1.9210,-2.9398,-11.1034,-20.9068,-32.8151,-42.7326,-54.8771,-64.7355,-76.9414
1929038076,1.9290,-2.9699,-11.2203,-21.0588,-33.0261,-42.9725,-55.1726,-65.0604,-77.3214
1937034068,1.9370,-3.0002,-11.3367,-21.2101,-33.2359,-43.2111,-55.4665,-65.3836,-77.6992
1945030060,1.9450,-3.0305,-11.4528,-21.3607,-33.4446,-43.4484,-55.7588,-65.7050,-78.0749
1953026052,1.9530,-3.0610,-11.5684,-21.5106,-33.6520,-43.6846,-56.0494,-66.0248,-78.4486
1961022044,1.9610,-3.0916,-11.6837,-21.6599,-33.8584,-43.9195,-56.3384,-66.3429,-78.8201
1969018036,1.9690,-3.1224,-11.7985,-21.8085,-34.0636,-44.1532,-56.6258,-66.6593,-79.1897
1977014028,1.9770,-3.1532,-11.9129,-21.9564,-34.2677,-44.3858,-56.9116,-66.9741,-79.5572
1985010020,1.9850,-3.1842,-12.0269,-22.1037,-34.4707,-44.6172,-57.1959,-67.2873,-79.9227
1993006012,1.9930,-3.2153,-12.1405,-22.2503,-34.6726,-44.8474,-57.4787,-67.5989,-80.2863
2001002004,2.0010,-3.2465,-12.2537,-22.3963,-34.8734,-45.0766,-57.7599,-67.9089,-80.6479
2008997996,2.0090,-3.2778,-12.3665,-22.5417,-35.0732,-45.3045,-58.0397,-68.2173,-81.0076
2016993988,2.0170,-3.3092,-12.4788,-22.6864,-35.2719,-45.5314,-58.3180,-68.5242,-81.3653
2024989980,2.0250,-3.3407,-12.5908,-22.8306,-35.4695,-45.7572,-58.5948,-68.8296,-81.7213
2032985972,2.0330,-3.3724,-12.7023,-22.9741,-35.6662,-45.9819,-58.8702,-69.1335,-82.0753
2040981964,2.0410,-3.4041,-12.8134,-23.1169,-35.8618,-46.2055,-59.1441,-69.4359,-82.4275
2048977956,2.0490,-3.4360,-12.9241,-23.2592,-36.0564,-46.4280,-59.4167,-69.7368,-82.7780
2056973948,2.0570,-3.4679,-13.0344,-23.4009,-36.2501,-46.6495,-59.6878,-70.0362,-83.1266
2064969940,2.0650,-3.5000,-13.1443,-23.5420,-36.4427,-46.8700,-59.9576,-70.3342,-83.4734
2072965932,2.0730,-3.5322,-13.2538,-23.6824,-36.6344,-47.0894,-60.2260,-70.6308,-83.8185
2080961924,2.0810,-3.5644,-13.3628,-23.8223,-36.8251,-47.3078,-60.4931,-70.9260,-84.1619
2088957916,2.0890,-3.5968,-13.4714,-23.9616,-37.0149,-47.5252,-60.7588,-71.2197,-84.5036
2096953908,2.0970,-3.6293,-13.5797,-24.1004,-37.2037,-47.7415,-61.0232,-71.5121,-84.8436
2104949900,2.1049,-3.6618,-13.6875,-24.2385,-37.3917,-47.9569,-61.2864,-71.8031,-85.1819
2112945892,2.1129,-3.6945,-13.7949,-24.3761,-37.5786,-48.1713,-61.5482,-72.0928,-85.5185
2120941884,2.1209,-3.7272,-13.9019,-24.5131,-37.7647,-48.3848,-61.8087,-72.3811,-85.8535
2128937876,2.1289,-3.7601,-14.0085,-24.6496,-37.9499,-48.5973,-62.0680,-72.6681,-86.1869
2136933868,2.1369,-3.7930,-14.1147,-24.7855,-38.1342,-48.8088,-62.3261,-72.9537,-86.5187
2144929860,2.1449,-3.8260,-14.2205,-24.9208,-38.3176,-49.0194,-62.5829,-73.2381,-86.8489
2152925852,2.1529,-3.8591,-14.3259,-25.0556,-38.5002,-49.2291,-62.8385,-73.5212,-87.1775
2160921844,2.1609,-3.8923,-14.4309,-25.1899,-38.6818,-49.4378,-63.0929,-73.8030,-87.5046
2168917836,2.1689,-3.9255,-14.5355,-25.3236,-38.8627,-49.6456,-63.3461,-74.0836,-87.8301
2176913828,2.1769,-3.9589,-14.6397,-25.4568,-39.0427,-49.8525,-63.5981,-74.3629,-88.1541
2184909820,2.1849,-3.9923,-14.7436,-25.5895,-39.2218,-50.0586,-63.8490,-74.6410,-88.4766
2192905812,2.1929,-4.0258,-14.8470,-25.7216,-39.4001,-50.2637,-64.0986,-74.9178,-88.7976
2200901804,2.2009,-4.0594,-14.9500,-25.8532,-39.5776,-50.4679,-64.3472,-75.1935,-89.1172
2208897796,2.2089,-4.0931,-15.0526,-25.9843,-39.7543,-50.6713,-64.5946,-75.4679,-89.4353
2216893788,2.2169,-4.1268,-15.1549,-26.1149,-39.9302,-50.8738,-64.8409,-75.7411,-89.7519
2224889780,2.2249,-4.1606,-15.2568,-26.2450,-40.1053,-51.0755,-65.0860,-76.0132,-90.0671
2232885772,2.2329,-4.1945,-15.3582,-26.3745,-40.2796,-51.2763,-65.3301,-76.2841,-90.3809
2240881764,2.2409,-4.2285,-15.4593,-26.5036,-40.4532,-51.4763,-65.5731,-76.5539,-90.6933
2248877756,2.2489,-4.2625,-15.5601,-26.6322,-40.6259,-51.6754,-65.8150,-76.8225,-91.0043
2256873747,2.2569,-4.2966,-15.6604,-26.7602,-40.7979,-51.8738,-66.0558,-77.0899,-91.3140
2264869739,2.2649,-4.3307,-15.7604,-26.8878,-40.9692,-52.0713,-66.2955,-77.3563,-91.6222
2272865731,2.2729,-4.3649,-15.8600,-27.0149,-41.1397,-52.2680,-66.5343,-77.6215,-91.9292
2280861723,2.2809,-4.3992,-15.9592,-27.1416,-41.3094,-52.4639,-66.7719,-77.8856,-92.2347
2288857715,2.2889,-4.4336,-16.0580,-27.2677,-41.4785,-52.6590,-67.0086,-78.1487,-92.5390
2296853707,2.2969,-4.4680,-16.1565,-27.3934,-41.6468,-52.8533,-67.2442,-78.4106,-92.8419
2304849699,2.3048,-4.5024,-16.2546,-27.5186,-41.8143,-53.0468,-67.4788,-78.6715,-93.1436
2312845691,2.3128,-4.5370,-16.3524,-27.6433,-41.9812,-53.2395,-67.7124,-78.9313,-93.4440
2320841683,2.3208,-4.5716,-16.4497,-27.7676,-42.1473,-53.4315,-67.9451,-79.1901,-93.7430
2328837675,2.3288,-4.6062,-16.5468,-27.8914,-42.3128,-53.6227,-68.1767,-79.4478,-94.0409
2336833667,2.3368,-4.6409,-16.6434,-28.0147,-42.4775,-53.8132,-68.4074,-79.7044,-94.3374
2344829659,2.3448,-4.6756,-16.7397,-28.1376,-42.6416,-54.0029,-68.6371,-79.9601,-94.6328
2352825651,2.3528,-4.7104,-16.8357,-28.2601,-42.8050,-54.1919,-68.8658,-80.2147,-94.9269
2360821643,2.3608,-4.7453,-16.9313,-28.3821,-42.9677,-54.3802,-69.0936,-80.4683,-95.2198
2368817635,2.3688,-4.7801,-17.0266,-28.5036,-43.1297,-54.5677,-69.3205,-80.7210,-95.5115
2376813627,2.3768,-4.8151,-17.1215,-28.6247,-43.2911,-54.7545,-69.5464,-80.9726,-95.8019
2384809619,2.3848,-4.8501,-17.2160,-28.7454,-43.4518,-54.9405,-69.7714,-81.2232,-96.0912
2392805611,2.3928,-4.8851,-17.3103,-28.8657,-43.6119,-55.1259,-69.9955,-81.4729,-96.3794
2400801603,2.4008,-4.9202,-17.4041,-28.9855,-43.7713,-55.3106,-70.2187,-81.7216,-96.6663
2408797595,2.4088,-4.9553,-17.4977,-29.1049,-43.9301,-55.4945,-70.4410,-81.9693,-96.9521
2416793587,2.4168,-4.9905,-17.5909,-29.2238,-44.0882,-55.6778,-70.6624,-82.2161,-97.2368
2424789579,2.4248,-5.0256,-17.6837,-29.3424,-44.2457,-55.8604,-70.8830,-82.4620,-97.5203
2432785571,2.4328,-5.0609,-17.7763,-29.4605,-44.4026,-56.0423,-71.1026,-82.7069,-97.8028
2440781563,2.4408,-5.0962,-17.8685,-29.5782,-44.5589,-56.2235,-71.3214,-82.9509,-98.0840
2448777555,2.4488,-5.1315,-17.9603,-29.6955,-44.7145,-56.4040,-71.5393,-83.1939,-98.3642
2456773547,2.4568,-5.1668,-18.0519,-29.8124,-44.8696,-56.5839,-71.7564,-83.4361,-98.6433
2464769539,2.4648,-5.2022,-18.1431,-29.9289,-45.0240,-56.7631,-71.9726,-83.6773,-98.9213
2472765531,2.4728,-5.2376,-18.2340,-30.0450,-45.1779,-56.9417,-72.1880,-83.9177,-99.1983
2480761523,2.4808,-5.2731,-18.3245,-30.1606,-45.3311,-57.1196,-72.4026,-84.1571,-99.4741
2488757515,2.4888,-5.3085,-18.4148,-30.2759,-45.4838,-57.2968,-72.6163,-84.3957,-99.7489
2496753507,2.4968,-5.3440,-18.5047,-30.3908,-45.6359,-57.4735,-72.8292,-84.6334,-100.0227
2504749499,2.5047,-5.3796,-18.5943,-30.5053,-45.7874,-57.6495,-73.0413,-84.8702,-100.2954
2512745491,2.5127,-5.4151,-18.6837,-30.6194,-45.9383,-57.8248,-73.2526,-85.1062,-100.5670
2520741483,2.5207,-5.4507,-18.7726,-30.7331,-46.0886,-57.9995,-73.4631,-85.3413,-100.8377
2528737475,2.5287,-5.4863,-18.8613,-30.8465,-46.2384,-58.1737,-73.6728,-85.5755,-101.1073
2536733467,2.5367,-5.5220,-18.9497,-30.9594,-46.3877,-58.3471,-73.8818,-85.8089,-101.3759
2544729459,2.5447,-5.5576,-19.0378,-31.0720,-46.5363,-58.5200,-74.0899,-86.0415,-101.6436
2552725451,2.5527,-5.5933,-19.1255,-31.1842,-46.6845,-58.6923,-74.2973,-86.2733,-101.9102
2560721443,2.5607,-5.6290,-19.2130,-31.2961,-46.8320,-58.8640,-74.5039,-86.5042,-102.1758
2568717435,2.5687,-5.6647,-19.3002,-31.4075,-46.9791,-59.0350,-74.7097,-86.7343,-102.4405
2576713427,2.5767,-5.7005,-19.3870,-31.5186,-47.1256,-59.2055,-74.9148,-86.9636,-102.7042
2584709419,2.5847,-5.7362,-19.4736,-31.6293,-47.2715,-59.3754,-75.1192,-87.1920,-102.9669
2592705411,2.5927,-5.7720,-19.5599,-31.7397,-47.4170,-59.5447,-75.3228,-87.4197,-103.2287
2600701403,2.6007,-5.8078,-19.6458,-31.8497,-47.5619,-59.7134,-75.5257,-87.6466,-103.4895
2608697395,2.6087,-5.8436,-19.7315,-31.9593,-47.7063,-59.8816,-75.7278,-87.8727,-103.7494
2616693387,2.6167,-5.8794,-19.8169,-32.0686,-47.8501,-60.0491,-75.9292,-88.0981,-104.0084
2624689379,2.6247,-5.9153,-19.9021,-32.1776,-47.9935,-60.2162,-76.1299,-88.3226,-104.2664
2632685371,2.6327,-5.9511,-19.9869,-32.2861,-48.1363,-60.3826,-76.3299,-88.5464,-104.5236
2640681363,2.6407,-5.9870,-20.0714,-32.3944,-48.2787,-60.5485,-76.5292,-88.7694,-104.7798
2648677355,2.6487,-6.0228,-20.1557,-32.5023,-48.4205,-60.7138,-76.7277,-88.9916,-105.0351
2656673347,2.6567,-6.0587,-20.2397,-32.6098,-48.5618,-60.8786,-76.9256,-89.2131,-105.2895
2664669339,2.6647,-6.0946,-20.3234,-32.7170,-48.7027,-61.0428,-77.1228,-89.4339,-105.5430
2672665331,2.6727,-6.1305,-20.4068,-32.8239,-48.8430,-61.2065,-77.3193,-89.6539,-105.7956
2680661323,2.6807,-6.1664,-20.4900,-32.9304,-48.9829,-61.3696,-77.5151,-89.8732,-106.0474
2688657315,2.6887,-6.2023,-20.5728,-33.0366,-49.1223,-61.5322,-77.7102,-90.0917,-106.2983
2696653307,2.6967,-6.2382,-20.6554,-33.1424,-49.2612,-61.6943,-77.9047,-90.3095,-106.5483
2704649299,2.7046,-6.2741,-20.7378,-33.2479,-49.3996,-61.8558,-78.0985,-90.5266,-106.7975
2712645291,2.7126,-6.3101,-20.8199,-33.3531,-49.5375,-62.0168,-78.2916,-90.7430,-107.0458
2720641283,2.7206,-6.3460,-20.9017,-33.4580,-49.6750,-62.1773,-78.4841,-90.9586,-107.2932
2728637275,2.7286,-6.3819,-20.9832,-33.5625,-49.8120,-62.3373,-78.6759,-91.1736,-107.5399
2736633267,2.7366,-6.4178,-21.0645,-33.6668,-49.9486,-62.4967,-78.8671,-91.3878,-107.7857
2744629259,2.7446,-6.4538,-21.1455,-33.7707,-50.0847,-62.6557,-79.0576,-91.6014,-108.0306
2752625251,2.7526,-6.4897,-21.2262,-33.8742,-50.2203,-62.8141,-79.2475,-91.8142,-108.2748
2760621242,2.7606,-6.5256,-21.3067,-33.9775,-50.3555,-62.9721,-79.4368,-92.0264,-108.5181
2768617234,2.7686,-6.5615,-21.3870,-34.0805,-50.4902,-63.1295,-79.6254,-92.2379,-108.7606
2776613226,2.7766,-6.5975,-21.4670,-34.1831,-50.6245,-63.2864,-79.8134,-92.4487,-109.0023
2784609218,2.7846,-6.6334,-21.5467,-34.2854,-50.7583,-63.4429,-80.0008,-92.6589,-109.2432
2792605210,2.7926,-6.6693,-21.6262,-34.3874,-50.8917,-63.5988,-80.1875,-92.8683,-109.4834
2800601202,2.8006,-6.7052,-21.7054,-34.4891,-51.0247,-63.7543,-80.3737,-93.0771,-109.7227
2808597194,2.8086,-6.7411,-21.7844,-34.5905,-51.1572,-63.9092,-80.5592,-93.2853,-109.9612
2816593186,2.8166,-6.7770,-21.8631,-34.6916,-51.2893,-64.0637,-80.7442,-93.4928,-110.1990
2824589178,2.8246,-6.8129,-21.9416,-34.7924,-51.4210,-64.2177,-80.9285,-93.6996,-110.4360
2832585170,2.8326,-6.8488,-22.0198,-34.8929,-51.5522,-64.3713,-81.1122,-93.9058,-110.6723
2840581162,2.8406,-6.8846,-22.0978,-34.9931,-51.6830,-64.5243,-81.2954,-94.1113,-110.9077
2848577154,2.8486,-6.9205,-22.1756,-35.0931,-51.8134,-64.6769,-81.4779,-94.3162,-111.1425
2856573146,2.8566,-6.9564,-22.2531,-35.1927,-51.9434,-64.8290,-81.6599,-94.5205,-111.3764
2864569138,2.8646,-6.9922,-22.3304,-35.2920,-52.0730,-64.9807,-81.8413,-94.7242,-111.6097
2872565130,2.8726,-7.0280,-22.4074,-35.3910,-52.2022,-65.1319,-82.0221,-94.9272,-111.8422
2880561122,2.8806,-7.0639,-22.4842,-35.4898,-52.3309,-65.2827,-82.2024,-95.1296,-112.0739
2888557114,2.8886,-7.0997,-22.5608,-35.5882,-52.4593,-65.4330,-82.3821,-95.3313,-112.3049
2896553106,2.8966,-7.1355,-22.6372,-35.6864,-52.5872,-65.5828,-82.5612,-95.5325,-112.5352
2904549098,2.9045,-7.1712,-22.7133,-35.7843,-52.7147,-65.7322,-82.7398,-95.7331,-112.7648
2912545090,2.9125,-7.2070,-22.7891,-35.8819,-52.8419,-65.8811,-82.9178,-95.9330,-112.9937
2920541082,2.9205,-7.2428,-22.8648,-35.9792,-52.9686,-66.0296,-83.0952,-96.1323,-113.2218
2928537074,2.9285,-7.2785,-22.9402,-36.0762,-53.0950,-66.1777,-83.2721,-96.3311,-113.4493
2936533066,2.9365,-7.3142,-23.0154,-36.1730,-53.2210,-66.3253,-83.4485,-96.5292,-113.6760
2944529058,2.9445,-7.3499,-23.0904,-36.2695,-53.3465,-66.4725,-83.6243,-96.7268,-113.9020
2952525050,2.9525,-7.3856,-23.1651,-36.3657,-53.4717,-66.6193,-83.7996,-96.9238,-114.1274
2960521042,2.9605,-7.4213,-23.2396,-36.4616,-53.5965,-66.7656,-83.9743,-97.1201,-114.3521
2968517034,2.9685,-7.4570,-23.3139,-36.5573,-53.7210,-66.9115,-84.1485,-97.3159,-114.5760
2976513026,2.9765,-7.4926,-23.3880,-36.6527,-53.8450,-67.0570,-84.3222,-97.5112,-114.7993
2984509018,2.9845,-7.5282,-23.4619,-36.7479,-53.9687,-67.2020,-84.4953,-97.7058,-115.0220
2992505010,2.9925,-7.5638,-23.5355,-36.8427,-54.0920,-67.3466,-84.6680,-97.8999,-115.2439
3000501002,3.0005,-7.5994,-23.6090,-36.9373,-54.2149,-67.4909,-84.8401,-98.0934,-115.4652
3008496994,3.0085,-7.6350,-23.6822,-37.0317,-54.3375,-67.6347,-85.0117,-98.2864,-115.6858
3016492986,3.0165,-7.6705,-23.7552,-37.1258,-54.4597,-67.7781,-85.1827,-98.4788,-115.9058
3024488978,3.0245,-7.7060,-23.8280,-37.2196,-54.5816,-67.9210,-85.3533,-98.6706,-116.1251
3032484970,3.0325,-7.7415,-23.9006,-37.3131,-54.7030,-68.0636,-85.5234,-98.8619,-116.3438
3040480962,3.0405,-7.7770,-23.9730,-37.4065,-54.8242,-68.2058,-85.6930,-99.0526,-116.5618
3048476954,3.0485,-7.8124,-24.0451,-37.4995,-54.9449,-68.3475,-85.8620,-99.2428,-116.7791
3056472946,3.0565,-7.8479,-24.1171,-37.5923,-55.0653,-68.4889,-86.0306,-99.4325,-116.9959
3064468938,3.0645,-7.8833,-24.1888,-37.6848,-55.1854,-68.6299,-86.1987,-99.6216,-117.2120
3072464930,3.0725,-7.9187,-24.2604,-37.7771,-55.3051,-68.7704,-86.3663,-99.8102,-117.4275
3080460922,3.0805,-7.9540,-24.3317,-37.8692,-55.4244,-68.9106,-86.5334,-99.9982,-117.6423
3088456914,3.0885,-7.9893,-24.4029,-37.9610,-55.5435,-69.0504,-86.7000,-100.1857,-117.8565
3096452906,3.0965,-8.0247,-24.4738,-38.0525,-55.6621,-69.1898,-86.8661,-100.3727,-118.0701
3104448898,3.1044,-8.0599,-24.5446,-38.1438,-55.7805,-69.3288,-87.0318,-100.5592,-118.2831
3112444890,3.1124,-8.0952,-24.6151,-38.2349,-55.8984,-69.4675,-87.1970,-100.7451,-118.4955
3120440882,3.1204,-8.1304,-24.6855,-38.3257,-56.0161,-69.6057,-87.3617,-100.9305,-118.7073
3128436874,3.1284,-8.1656,-24.7556,-38.4163,-56.1334,-69.7436,-87.5259,-101.1154,-118.9184
3136432866,3.1364,-8.2008,-24.8256,-38.5066,-56.2504,-69.8811,-87.6897,-101.2998,-119.1290
3144428858,3.1444,-8.2360,-24.8953,-38.5967,-56.3670,-70.0182,-87.8530,-101.4837,-119.3390
3152424850,3.1524,-8.2711,-24.9649,-38.6865,-56.4834,-70.1549,-88.0158,-101.6671,-119.5483
3160420842,3.1604,-8.3062,-25.0343,-38.7762,-56.5993,-70.2913,-88.1782,-101.8500,-119.7571
3168416834,3.1684,-8.3412,-25.1034,-38.8655,-56.7150,-70.4273,-88.3402,-102.0324,-119.9653
3176412826,3.1764,-8.3763,-25.1724,-38.9547,-56.8304,-70.5630,-88.5016,-102.2143,-120.1729
3184408818,3.1844,-8.4113,-25.2412,-39.0436,-56.9454,-70.6982,-88.6627,-102.3956,-120.3800
3192404810,3.1924,-8.4463,-25.3098,-39.1323,-57.0601,-70.8331,-88.8233,-102.5765,-120.5864
3200400802,3.2004,-8.4812,-25.3783,-39.2207,-57.1745,-70.9677,-88.9834,-102.7569,-120.7923
3208396794,3.2084,-8.5161,-25.4465,-39.3089,-57.2885,-71.1019,-89.1431,-102.9369,-120.9977
3216392786,3.2164,-8.5510,-25.5146,-39.3969,-57.4023,-71.2357,-89.3023,-103.1163,-121.2024
3224388778,3.2244,-8.5859,-25.5824,-39.4847,-57.5157,-71.3692,-89.4612,-103.2953,-121.4066
3232384770,3.2324,-8.6207,-25.6501,-39.5723,-57.6289,-71.5023,-89.6195,-103.4737,-121.6102
3240380762,3.2404,-8.6555,-25.7176,-39.6596,-57.7417,-71.6351,-89.7775,-103.6517,-121.8133
3248376754,3.2484,-8.6903,-25.7850,-39.7467,-57.8542,-71.7675,-89.9350,-103.8293,-122.0158
3256372745,3.2564,-8.7250,-25.8521,-39.8335,-57.9664,-71.8996,-90.0921,-104.0063,-122.2178
3264368737,3.2644,-8.7597,-25.9191,-39.9202,-58.0783,-72.0313,-90.2488,-104.1829,-122.4192
3272364729,3.2724,-8.7944,-25.9859,-40.0066,-58.1899,-72.1627,-90.4050,-104.3591,-122.6201
3280360721,3.2804,-8.8290,-26.0525,-40.0928,-58.3012,-72.2938,-90.5608,-104.5347,-122.8205
3288356713,3.2884,-8.8636,-26.1189,-40.1788,-58.4122,-72.4245,-90.7162,-104.7099,-123.0203
3296352705,3.2964,-8.8982,-26.1852,-40.2646,-58.5229,-72.5549,-90.8712,-104.8847,-123.2195
3304348697,3.3043,-8.9327,-26.2513,-40.3502,-58.6333,-72.6849,-91.0258,-105.0590,-123.4183
3312344689,3.3123,-8.9672,-26.3172,-40.4355,-58.7434,-72.8146,-91.1800,-105.2328,-123.6165
3320340681,3.3203,-9.0017,-26.3829,-40.5207,-58.8533,-72.9440,-91.3337,-105.4062,-123.8142
3328336673,3.3283,-9.0361,-26.4485,-40.6056,-58.9628,-73.0730,-91.4871,-105.5791,-124.0113
3336332665,3.3363,-9.0705,-26.5139,-40.6903,-59.0720,-73.2017,-91.6400,-105.7516,-124.2080
3344328657,3.3443,-9.1049,-26.5791,-40.7748,-59.1810,-73.3301,-91.7925,-105.9237,-124.4041
3352324649,3.3523,-9.1392,-26.6442,-40.8591,-59.2897,-73.4581,-91.9447,-106.0953,-124.5997
3360320641,3.3603,-9.1735,-26.7091,-40.9432,-59.3980,-73.5859,-92.0964,-106.2665,-124.7948
3368316633,3.3683,-9.2078,-26.7738,-41.0271,-59.5062,-73.7133,-92.2478,-106.4372,-124.9894
3376312625,3.3763,-9.2420,-26.8383,-41.1107,-59.6140,-73.8404,-92.3987,-106.6075,-125.1835
3384308617,3.3843,-9.2762,-26.9027,-41.1942,-59.7215,-73.9672,-92.5493,-106.7774,-125.3770
3392304609,3.3923,-9.3103,-26.9670,-41.2775,-59.8288,-74.0936,-92.6995,-106.9469,-125.5701
3400300601,3.4003,-9.3445,-27.0310,-41.3605,-59.9358,-74.2197,-92.8492,-107.1159,-125.7627
3408296593,3.4083,-9.3785,-27.0949,-41.4434,-60.0425,-74.3456,-92.9986,-107.2845,-125.9548
3416292585,3.4163,-9.4126,-27.1587,-41.5261,-60.1489,-74.4711,-93.1477,-107.4527,-126.1464
3424288577,3.4243,-9.4466,-27.2222,-41.6085,-60.2551,-74.5963,-93.2963,-107.6204,-126.3375
3432284569,3.4323,-9.4806,-27.2857,-41.6908,-60.3610,-74.7212,-93.4446,-107.7877,-126.5281
3440280561,3.4403,-9.5145,-27.3489,-41.7729,-60.4666,-74.8458,-93.5924,-107.9547,-126.7182
3448276553,3.4483,-9.5484,-27.4120,-41.8547,-60.5720,-74.9700,-93.7399,-108.1212,-126.9079
3456272545,3.4563,-9.5823,-27.4750,-41.9364,-60.6771,-75.0940,-93.8871,-108.2873,-127.0971
3464268537,3.4643,-9.6161,-27.5377,-42.0179,-60.7819,-75.2177,-94.0338,-108.4529,-127.2858
3472264529,3.4723,-9.6499,-27.6004,-42.0992,-60.8865,-75.3411,-94.1802,-108.6182,-127.4740
3480260521,3.4803,-9.6836,-27.6628,-42.1803,-60.9908,-75.4641,-94.3263,-108.7831,-127.6617
3488256513,3.4883,-9.7174,-27.7252,-42.2612,-61.0948,-75.5869,-94.4719,-108.9476,-127.8490
3496252505,3.4963,-9.7510,-27.7873,-42.3419,-61.1986,-75.7094,-94.6172,-109.1116,-128.0358
3504248497,3.5042,-9.7847,-27.8493,-42.4224,-61.3021,-75.8316,-94.7621,-109.2753,-128.2222
3512244489,3.5122,-9.8183,-27.9112,-42.5027,-61.4054,-75.9534,-94.9067,-109.4386,-128.4080
3520240481,3.5202,-9.8518,-27.9729,-42.5829,-61.5084,-76.0750,-95.0509,-109.6014,-128.5935
3528236473,3.5282,-9.8854,-28.0345,-42.6628,-61.6112,-76.1963,-95.1948,-109.7639,-128.7784
3536232465,3.5362,-9.9188,-28.0959,-42.7426,-61.7137,-76.3174,-95.3383,-109.9260,-128.9629
3544228457,3.5442,-9.9523,-28.1571,-42.8222,-61.8159,-76.4381,-95.4815,-110.0877,-129.1470
3552224449,3.5522,-9.9857,-28.2182,-42.9016,-61.9179,-76.5585,-95.6243,-110.2490,-129.3306
3560220441,3.5602,-10.0191,-28.2792,-42.9808,-62.0197,-76.6787,-95.7667,-110.4100,-129.5138
3568216433,3.5682,-10.0524,-28.3400,-43.0598,-62.1212,-76.7985,-95.9088,-110.5705,-129.6965
3576212425,3.5762,-10.0857,-28.4007,-43.1386,-62.2225,-76.9181,-96.0506,-110.7307,-129.8787
3584208417,3.5842,-10.1189,-28.4612,-43.2173,-62.3235,-77.0374,-96.1920,-110.8905,-130.0606
3592204409,3.5922,-10.1521,-28.5216,-43.2958,-62.4242,-77.1565,-96.3331,-111.0499,-130.2420
3600200401,3.6002,-10.1853,-28.5818,-43.3741,-62.5248,-77.2752,-96.4738,-111.2089,-130.4229
3608196393,3.6082,-10.2184,-28.6419,-43.4522,-62.6251,-77.3937,-96.6142,-111.3675,-130.6034
3616192385,3.6162,-10.2515,-28.7018,-43.5302,-62.7251,-77.5119,-96.7543,-111.5258,-130.7835
3624188377,3.6242,-10.2846,-28.7616,-43.6080,-62.8249,-77.6298,-96.8940,-111.6837,-130.9632
3632184369,3.6322,-10.3176,-28.8213,-43.6855,-62.9245,-77.7474,-97.0334,-111.8413,-131.1424
3640180361,3.6402,-10.3506,-28.8808,-43.7630,-63.0238,-77.8648,-97.1725,-111.9985,-131.3212
3648176353,3.6482,-10.3835,-28.9402,-43.8402,-63.1229,-77.9819,-97.3112,-112.1553,-131.4996
3656172345,3.6562,-10.4164,-28.9994,-43.9173,-63.2218,-78.0987,-97.4496,-112.3117,-131.6775
3664168337,3.6642,-10.4493,-29.0585,-43.9942,-63.3204,-78.2153,-97.5877,-112.4678,-131.8550
3672164329,3.6722,-10.4821,-29.1175,-44.0709,-63.4188,-78.3316,-97.7255,-112.6235,-132.0322
3680160321,3.6802,-10.5148,-29.1763,-44.1475,-63.5170,-78.4476,-97.8629,-112.7789,-132.2088
3688156313,3.6882,-10.5476,-29.2350,-44.2238,-63.6149,-78.5634,-98.0000,-112.9339,-132.3851
3696152305,3.6962,-10.5803,-29.2936,-44.3001,-63.7126,-78.6789,-98.1368,-113.0886,-132.5610
3704148297,3.7041,-10.6129,-29.3520,-44.3761,-63.8101,-78.7942,-98.2733,-113.2429,-132.7365
3712144289,3.7121,-10.6455,-29.4103,-44.4520,-63.9073,-78.9092,-98.4094,-113.3968,-132.9115
3720140281,3.7201,-10.6781,-29.4684,-44.5277,-64.0044,-79.0239,-98.5453,-113.5504,-133.0862
3728136273,3.7281,-10.7106,-29.5264,-44.6032,-64.1012,-79.1383,-98.6808,-113.7037,-133.2604
3736132265,3.7361,-10.7431,-29.5843,-44.6786,-64.1977,-79.2526,-98.8160,-113.8566,-133.4342
3744128257,3.7441,-10.7756,-29.6421,-44.7538,-64.2941,-79.3665,-98.9509,-114.0091,-133.6077
3752124248,3.7521,-10.8080,-29.6997,-44.8289,-64.3902,-79.4802,-99.0855,-114.1613,-133.7807
3760120240,3.7601,-10.8403,-29.7572,-44.9037,-64.4861,-79.5936,-99.2198,-114.3132,-133.9534
3768116232,3.7681,-10.8727,-29.8145,-44.9785,-64.5818,-79.7068,-99.3537,-114.4647,-134.1256
3776112224,3.7761,-10.9050,-29.8718,-45.0530,-64.6773,-79.8198,-99.4874,-114.6159,-134.2975
3784108216,3.7841,-10.9372,-29.9289,-45.1274,-64.7726,-79.9325,-99.6208,-114.7668,-134.4689
3792104208,3.7921,-10.9694,-29.9858,-45.2016,-64.8676,-80.0449,-99.7538,-114.9173,-134.6400
3800100200,3.8001,-11.0016,-30.0427,-45.2757,-64.9624,-80.1571,-99.8866,-115.0675,-134.8107
3808096192,3.8081,-11.0337,-30.0994,-45.3496,-65.0571,-80.2691,-100.0190,-115.2173,-134.9810
3816092184,3.8161,-11.0658,-30.1560,-45.4234,-65.1515,-80.3808,-100.1512,-115.3669,-135.1509
3824088176,3.8241,-11.0978,-30.2124,-45.4970,-65.2456,-80.4922,-100.2831,-115.5161,-135.3205
3832084168,3.8321,-11.1298,-30.2687,-45.5704,-65.3396,-80.6034,-100.4146,-115.6649,-135.4896
3840080160,3.8401,-11.1618,-30.3250,-45.6437,-65.4334,-80.7144,-100.5459,-115.8135,-135.6584
3848076152,3.8481,-11.1937,-30.3810,-45.7168,-65.5269,-80.8251,-100.6769,-115.9617,-135.8268
3856072144,3.8561,-11.2256,-30.4370,-45.7898,-65.6203,-80.9356,-100.8076,-116.1096,-135.9948
3864068136,3.8641,-11.2574,-30.4928,-45.8626,-65.7134,-81.0459,-100.9380,-116.2571,-136.1625
3872064128,3.8721,-11.2892,-30.5485,-45.9352,-65.8064,-81.1559,-101.0681,-116.4044,-136.3298
3880060120,3.8801,-11.3209,-30.6041,-46.0077,-65.8991,-81.2657,-101.1979,-116.5513,-136.4967
3888056112,3.8881,-11.3526,-30.6596,-46.0801,-65.9916,-81.3752,-101.3274,-116.6979,-136.6633
3896052104,3.8961,-11.3843,-30.7149,-46.1523,-66.0840,-81.4845,-101.4567,-116.8442,-136.8294
3904048096,3.9040,-11.4159,-30.7702,-46.2243,-66.1761,-81.5936,-101.5857,-116.9902,-136.9952
3912044088,3.9120,-11.4475,-30.8253,-46.2962,-66.2680,-81.7024,-101.7143,-117.1358,-137.1607
3920040080,3.9200,-11.4791,-30.8803,-46.3680,-66.3597,-81.8110,-101.8428,-117.2812,-137.3258
3928036072,3.9280,-11.5106,-30.9351,-46.4396,-66.4512,-81.9194,-101.9709,-117.4262,-137.4905
3936032064,3.9360,-11.5420,-30.9899,-46.5110,-66.5425,-82.0275,-102.0987,-117.5709,-137.6549
3944028056,3.9440,-11.5735,-31.0445,-46.5823,-66.6337,-82.1355,-102.2263,-117.7154,-137.8189
3952024048,3.9520,-11.6048,-31.0990,-46.6535,-66.7246,-82.2432,-102.3536,-117.8595,-137.9826
3960020040,3.9600,-11.6362,-31.1534,-46.7245,-66.8153,-82.3506,-102.4806,-118.0033,-138.1459
3968016032,3.9680,-11.6675,-31.2077,-46.7953,-66.9058,-82.4579,-102.6073,-118.1468,-138.3088
3976012024,3.9760,-11.6987,-31.2618,-46.8661,-66.9962,-82.5649,-102.7338,-118.2900,-138.4714
3984008016,3.9840,-11.7299,-31.3159,-46.9366,-67.0863,-82.6716,-102.8600,-118.4329,-138.6337
3992004008,3.9920,-11.7611,-31.3698,-47.0070,-67.1763,-82.7782,-102.9859,-118.5755,-138.7956
4000000000,4.0000,-11.7922,-31.4236,-47.0773,-67.2660,-82.8846,-103.1116,-118.7178,-138.9572
